{"environment": "navix/Navix-FourRooms-v0", "algorithm": "ppo", "num_seeds": 32, "global_seed": 0, "config": {"env": "navix/Navix-FourRooms-v0", "agent_kwargs": {"activation": "tanh"}, "num_envs": 256, "num_steps": 16, "num_epochs": 4, "num_minibatches": 64, "learning_rate": 0.0003, "max_grad_norm": 0.5, "total_timesteps": 1048576, "eval_freq": 262144, "gamma": 0.99, "gae_lambda": 0.9, "clip_eps": 0.2, "ent_coef": 0.01, "vf_coef": 0.5, "normalize_observations": false}, "time/lower": 13.668156876000001, "time/compile": 25.175569201, "time/process_time": [0.07280608699999647, 9.062315968999997, 18.022775793999998, 26.985955520000005, 35.934860231], "step": [0, 262144, 524288, 786432, 1048576], "episode_length": [[97.05000305175781, 100.0, 97.75, 100.0, 100.0, 95.05000305175781, 99.0999984741211, 100.0, 95.80000305175781, 99.4000015258789, 97.45000457763672, 100.0, 98.8499984741211, 95.55000305175781, 100.0, 93.45000457763672, 96.25, 96.70000457763672, 100.0, 100.0, 100.0, 98.5999984741211, 100.0, 97.55000305175781, 100.0, 100.0, 100.0, 94.6500015258789, 99.5, 97.95000457763672, 100.0, 93.95000457763672], [96.55000305175781, 95.3499984741211, 83.25, 95.4000015258789, 97.1500015258789, 100.0, 88.05000305175781, 100.0, 100.0, 91.9000015258789, 87.45000457763672, 86.4000015258789, 100.0, 100.0, 95.95000457763672, 88.70000457763672, 94.45000457763672, 88.8499984741211, 89.5999984741211, 90.6500015258789, 100.0, 94.80000305175781, 90.95000457763672, 100.0, 98.20000457763672, 94.30000305175781, 93.5, 100.0, 88.95000457763672, 95.1500015258789, 100.0, 99.05000305175781], [98.5, 86.4000015258789, 90.0999984741211, 89.75, 92.0999984741211, 100.0, 90.25, 100.0, 92.3499984741211, 96.45000457763672, 89.0, 92.1500015258789, 91.9000015258789, 100.0, 94.25, 91.30000305175781, 93.8499984741211, 88.5, 96.30000305175781, 97.0999984741211, 100.0, 99.20000457763672, 93.9000015258789, 95.1500015258789, 97.80000305175781, 84.80000305175781, 94.9000015258789, 98.8499984741211, 93.45000457763672, 94.4000015258789, 100.0, 87.55000305175781], [75.05000305175781, 84.5999984741211, 80.30000305175781, 89.80000305175781, 97.8499984741211, 100.0, 93.05000305175781, 100.0, 91.0999984741211, 95.9000015258789, 94.4000015258789, 98.80000305175781, 96.8499984741211, 100.0, 92.0, 87.1500015258789, 86.8499984741211, 99.95000457763672, 91.05000305175781, 76.5, 100.0, 98.5, 93.45000457763672, 99.70000457763672, 88.75, 88.9000015258789, 96.6500015258789, 93.55000305175781, 94.9000015258789, 97.4000015258789, 94.1500015258789, 100.0], [96.0, 92.70000457763672, 81.80000305175781, 82.5999984741211, 88.75, 100.0, 90.20000457763672, 100.0, 93.30000305175781, 98.30000305175781, 93.8499984741211, 90.8499984741211, 92.80000305175781, 98.55000305175781, 90.80000305175781, 94.0999984741211, 91.80000305175781, 93.0, 92.25, 86.0, 100.0, 95.1500015258789, 95.55000305175781, 92.75, 95.8499984741211, 93.0, 93.80000305175781, 87.55000305175781, 91.25, 88.55000305175781, 95.6500015258789, 92.3499984741211]], "episode_length_max": [[100, 100, 100, 100, 100, 100, 100, 100, 100, 100, 100, 100, 100, 100, 100, 100, 100, 100, 100, 100, 100, 100, 100, 100, 100, 100, 100, 100, 100, 100, 100, 100], [100, 100, 100, 100, 100, 100, 100, 100, 100, 100, 100, 100, 100, 100, 100, 100, 100, 100, 100, 100, 100, 100, 100, 100, 100, 100, 100, 100, 100, 100, 100, 100], [100, 100, 100, 100, 100, 100, 100, 100, 100, 100, 100, 100, 100, 100, 100, 100, 100, 100, 100, 100, 100, 100, 100, 100, 100, 100, 100, 100, 100, 100, 100, 100], [100, 100, 100, 100, 100, 100, 100, 100, 100, 100, 100, 100, 100, 100, 100, 100, 100, 100, 100, 100, 100, 100, 100, 100, 100, 100, 100, 100, 100, 100, 100, 100], [100, 100, 100, 100, 100, 100, 100, 100, 100, 100, 100, 100, 100, 100, 100, 100, 100, 100, 100, 100, 100, 100, 100, 100, 100, 100, 100, 100, 100, 100, 100, 100]], "episode_length_min": [[41, 100, 55, 100, 100, 1, 82, 100, 16, 88, 70, 100, 77, 11, 100, 23, 58, 34, 100, 100, 100, 72, 100, 51, 100, 100, 100, 42, 90, 59, 100, 35], [47, 7, 16, 8, 43, 100, 21, 100, 100, 6, 24, 12, 100, 100, 19, 7, 28, 25, 6, 25, 100, 18, 12, 100, 64, 17, 22, 100, 16, 51, 100, 81], [70, 5, 2, 32, 17, 100, 8, 100, 19, 36, 3, 6, 21, 100, 8, 1, 20, 23, 55, 49, 100, 84, 3, 3, 61, 6, 6, 77, 1, 31, 100, 8], [1, 8, 4, 17, 57, 100, 22, 100, 13, 18, 7, 88, 49, 100, 35, 1, 4, 99, 2, 6, 100, 84, 42, 94, 7, 12, 33, 18, 44, 54, 17, 100], [58, 27, 14, 7, 20, 100, 1, 100, 23, 78, 24, 26, 26, 71, 14, 21, 13, 24, 18, 4, 100, 13, 25, 19, 24, 45, 24, 2, 21, 3, 59, 3]], "episode_length_std": [[12.85875129699707, 0.0, 9.807522773742676, 0.0, 0.0, 21.576555252075195, 3.923008918762207, 0.0, 18.3073787689209, 2.615339756011963, 7.781227111816406, 0.0, 5.012734413146973, 19.397098541259766, 0.0, 19.983680725097656, 11.339642524719238, 14.384366035461426, 0.0, 0.0, 0.0, 6.10245943069458, 0.0, 10.679300308227539, 0.0, 0.0, 0.0, 16.112960815429688, 2.1794493198394775, 8.935744285583496, 0.0, 18.20570182800293], [11.72380256652832, 20.268878936767578, 29.548053741455078, 20.050939559936523, 12.42286205291748, 0.0, 24.836416244506836, 0.0, 0.0, 22.447498321533203, 25.462665557861328, 26.0679874420166, 0.0, 0.0, 17.653539657592773, 26.0117244720459, 16.954275131225586, 22.35234832763672, 26.777605056762695, 20.84532356262207, 0.0, 18.258148193359375, 21.273162841796875, 0.0, 7.846018314361572, 18.300540924072266, 19.928621292114258, 0.0, 24.036378860473633, 14.550859451293945, 0.0, 4.140954494476318], [6.538348197937012, 26.915422439575195, 27.22296714782715, 20.96634292602539, 23.733732223510742, 0.0, 23.30638313293457, 0.0, 19.642492294311523, 13.951615333557129, 26.235471725463867, 23.33296775817871, 20.59830093383789, 0.0, 20.41047477722168, 26.374422073364258, 19.355300903320312, 23.67171287536621, 11.384638786315918, 11.139568328857422, 0.0, 3.487119674682617, 21.39836311340332, 21.14065933227539, 8.512343406677246, 28.067062377929688, 20.4692440032959, 5.0127339363098145, 21.555683135986328, 17.29566192626953, 0.0, 28.552539825439453], [34.98210144042969, 30.201656341552734, 31.573881149291992, 23.402137756347656, 9.371634483337402, 0.0, 19.39451789855957, 0.0, 22.36716079711914, 17.87148666381836, 20.472911834716797, 3.0757110118865967, 11.283951759338379, 0.0, 19.846914291381836, 26.134794235229492, 28.718069076538086, 0.2179449051618576, 26.984207153320312, 31.866125106811523, 0.0, 4.511097431182861, 16.557397842407227, 1.3076696395874023, 28.4444637298584, 23.63239288330078, 14.602314949035645, 20.12579345703125, 15.38148021697998, 10.041912078857422, 19.184043884277344, 0.0], [12.016654968261719, 21.900001525878906, 27.839900970458984, 31.251235961914062, 26.151243209838867, 0.0, 29.40169334411621, 0.0, 20.34723663330078, 5.339476108551025, 19.01125144958496, 22.08455467224121, 21.6092529296875, 6.3204026222229, 24.243764877319336, 17.84068489074707, 21.266407012939453, 19.449935913085938, 20.336851119995117, 29.522872924804688, 0.0, 18.971755981445312, 16.469589233398438, 21.23175621032715, 16.55377769470215, 17.03232192993164, 19.1196231842041, 29.299270629882812, 21.137348175048828, 25.605615615844727, 11.230650901794434, 23.848007202148438]],