{"environment": "navix/Navix-Empty-Random-8x8-v0", "algorithm": "ppo", "num_seeds": 32, "global_seed": 0, "config": {"env": "navix/Navix-Empty-Random-8x8-v0", "agent_kwargs": {"activation": "swish"}, "num_envs": 64, "num_steps": 128, "num_epochs": 8, "num_minibatches": 1, "learning_rate": 0.0003, "max_grad_norm": 10, "total_timesteps": 1048576, "eval_freq": 262144, "gamma": 0.99, "gae_lambda": 0.8, "clip_eps": 0.2, "ent_coef": 0.01, "vf_coef": 0.5, "normalize_observations": true}, "time/lower": 12.265027370000002, "time/compile": 20.347691295999997, "time/process_time": [0.07337078900000193, 2.0705774440000013, 4.055492127000001, 6.052339524000004, 8.051436983000002], "step": [0, 262144, 524288, 786432, 1048576], "episode_length": [[96.5999984741211, 100.0, 92.30000305175781, 95.0999984741211, 94.5, 98.80000305175781, 87.3499984741211, 99.05000305175781, 86.0, 100.0, 96.55000305175781, 91.0999984741211, 88.4000015258789, 96.55000305175781, 96.70000457763672, 85.5999984741211, 90.8499984741211, 90.4000015258789, 91.80000305175781, 85.25, 94.5, 95.25, 100.0, 88.6500015258789, 95.20000457763672, 95.1500015258789, 95.45000457763672, 89.25, 91.45000457763672, 98.30000305175781, 98.05000305175781, 99.70000457763672], [67.80000305175781, 65.4000015258789, 81.5, 58.25, 72.30000305175781, 60.20000076293945, 66.0999984741211, 53.900001525878906, 74.0, 56.5, 74.05000305175781, 51.70000076293945, 65.80000305175781, 55.150001525878906, 69.55000305175781, 57.79999923706055, 65.70000457763672, 45.60000228881836, 66.80000305175781, 72.4000015258789, 63.79999923706055, 69.20000457763672, 79.80000305175781, 65.25, 58.10000228881836, 62.25, 68.80000305175781, 53.85000228881836, 65.0999984741211, 65.1500015258789, 44.400001525878906, 65.5], [27.100000381469727, 44.70000076293945, 35.29999923706055, 35.25, 29.450000762939453, 31.149999618530273, 47.35000228881836, 55.35000228881836, 41.900001525878906, 47.0, 33.5, 35.25, 39.95000076293945, 31.149999618530273, 41.35000228881836, 36.85000228881836, 30.5, 31.75, 41.85000228881836, 43.85000228881836, 30.05000114440918, 41.10000228881836, 45.75, 42.400001525878906, 32.900001525878906, 48.5, 25.850000381469727, 37.5, 19.950000762939453, 52.70000076293945, 42.54999923706055, 41.54999923706055], [12.699999809265137, 20.399999618530273, 10.15000057220459, 10.850000381469727, 18.399999618530273, 15.350000381469727, 12.40000057220459, 14.800000190734863, 15.949999809265137, 17.80000114440918, 15.300000190734863, 13.449999809265137, 18.55000114440918, 13.600000381469727, 13.600000381469727, 9.65000057220459, 11.75, 12.65000057220459, 17.350000381469727, 16.649999618530273, 12.25, 18.25, 11.800000190734863, 15.0, 14.050000190734863, 15.5, 16.450000762939453, 19.5, 11.600000381469727, 14.850000381469727, 14.40000057220459, 14.5], [9.850000381469727, 10.199999809265137, 10.40000057220459, 11.75, 8.65000057220459, 9.25, 10.75, 10.850000381469727, 11.050000190734863, 10.65000057220459, 11.5, 11.40000057220459, 10.300000190734863, 12.40000057220459, 12.40000057220459, 11.40000057220459, 9.25, 9.300000190734863, 10.300000190734863, 12.25, 8.0, 12.800000190734863, 9.699999809265137, 10.75, 9.300000190734863, 12.40000057220459, 10.800000190734863, 11.699999809265137, 10.65000057220459, 10.550000190734863, 8.800000190734863, 10.800000190734863]], "episode_length_max": [[100, 100, 100, 100, 100, 100, 100, 100, 100, 100, 100, 100, 100, 100, 100, 100, 100, 100, 100, 100, 100, 100, 100, 100, 100, 100, 100, 100, 100, 100, 100, 100], [100, 100, 100, 100, 100, 100, 100, 100, 100, 100, 100, 100, 100, 100, 100, 100, 100, 100, 100, 100, 100, 100, 100, 100, 100, 100, 100, 100, 100, 100, 100, 100], [97, 100, 100, 100, 100, 84, 100, 100, 100, 100, 100, 100, 100, 65, 100, 100, 100, 100, 100, 100, 93, 100, 100, 100, 91, 100, 100, 100, 44, 100, 100, 100], [43, 84, 32, 25, 39, 42, 37, 33, 37, 50, 27, 35, 49, 24, 27, 23, 25, 37, 100, 90, 39, 39, 24, 39, 56, 30, 43, 52, 23, 39, 77, 40], [21, 19, 20, 21, 17, 31, 20, 20, 20, 30, 28, 20, 17, 40, 19, 22, 19, 15, 24, 25, 16, 100, 22, 24, 18, 24, 29, 31, 19, 26, 17, 33]], "episode_length_min": [[32, 100, 18, 2, 3, 76, 5, 81, 17, 100, 43, 2, 4, 31, 34, 1, 27, 2, 16, 4, 30, 5, 100, 21, 4, 3, 9, 11, 9, 66, 61, 94], [4, 1, 10, 5, 1, 6, 3, 1, 5, 2, 7, 2, 2, 19, 6, 3, 1, 3, 1, 7, 8, 3, 5, 1, 1, 1, 1, 2, 1, 6, 2, 2], [3, 1, 2, 4, 1, 1, 2, 7, 8, 10, 4, 4, 2, 1, 2, 4, 2, 1, 3, 1, 3, 1, 1, 1, 3, 2, 1, 6, 1, 3, 3, 5], [1, 4, 2, 1, 5, 2, 3, 5, 4, 1, 4, 2, 3, 1, 2, 1, 3, 4, 1, 4, 2, 5, 1, 3, 3, 2, 3, 2, 2, 3, 1, 1], [1, 1, 1, 2, 1, 2, 1, 1, 2, 1, 2, 2, 4, 1, 5, 4, 1, 3, 1, 3, 1, 2, 2, 2, 1, 3, 2, 4, 2, 2, 4, 1]], "episode_length_std": [[14.820257186889648, 0.0, 23.154048919677734, 21.35860252380371, 21.181358337402344, 5.230679035186768, 26.74560546875, 4.140954494476318, 28.20106315612793, 0.0, 12.559760093688965, 26.851255416870117, 26.682201385498047, 15.038199424743652, 14.384366989135742, 28.548908233642578, 22.674381256103516, 28.80694580078125, 24.608129501342773, 30.309858322143555, 17.168285369873047, 20.704769134521484, 0.0, 27.08001708984375, 20.92271614074707, 21.14065933227539, 19.832992553710938, 26.940444946289062, 25.708900451660156, 7.410128116607666, 8.499853134155273, 1.3076695203781128], [37.00891876220703, 37.30067443847656, 30.932992935180664, 38.38603210449219, 36.72206115722656, 32.01968002319336, 38.509613037109375, 39.305091857910156, 32.81005859375, 36.65583038330078, 34.24686050415039, 38.08556365966797, 38.073089599609375, 29.82159423828125, 32.57372283935547, 32.427764892578125, 36.625267028808594, 30.30742645263672, 38.84662628173828, 36.336483001708984, 35.174705505371094, 35.77373504638672, 32.44472122192383, 39.277061462402344, 35.4625129699707, 32.733585357666016, 39.445655822753906, 37.25221252441406, 43.309234619140625, 33.46382141113281, 34.602603912353516, 38.091339111328125], [25.999805450439453, 31.408756256103516, 26.791976928710938, 28.621450424194336, 28.529766082763672, 24.729082107543945, 29.538576126098633, 34.379173278808594, 29.30000114440918, 28.211700439453125, 26.697378158569336, 27.833208084106445, 31.095779418945312, 17.56779670715332, 31.2590389251709, 25.929277420043945, 26.528287887573242, 30.54811668395996, 32.44884490966797, 34.088523864746094, 26.505611419677734, 30.63804817199707, 33.227813720703125, 35.63762283325195, 26.871732711791992, 33.64595031738281, 22.177183151245117, 28.233844757080078, 12.27792739868164, 30.326723098754883, 34.73107147216797, 32.01948547363281], [10.159231185913086, 18.22745132446289, 6.806430816650391, 5.56125020980835, 8.731551170349121, 10.218977928161621, 8.187795639038086, 6.607571601867676, 9.107551574707031, 12.106196403503418, 6.025777816772461, 9.31920051574707, 12.188006401062012, 5.704384803771973, 6.651315212249756, 7.323079586029053, 5.6997809410095215, 7.630694389343262, 20.499452590942383, 17.41055679321289, 7.809449195861816, 9.406779289245605, 5.946427345275879, 9.181503295898438, 11.8805513381958, 8.381526947021484, 9.303091049194336, 12.686606407165527, 5.808614253997803, 9.530346870422363, 15.982489585876465, 9.452512741088867], [5.606023788452148, 5.1048994064331055, 5.489990711212158, 5.466946125030518, 4.7986979484558105, 6.714722633361816, 4.763139724731445, 4.552746295928955, 3.6942520141601562, 6.6803812980651855, 7.123903274536133, 4.200000286102295, 4.702126979827881, 8.522910118103027, 4.066939830780029, 5.033885478973389, 4.548351287841797, 3.1953094005584717, 5.848931789398193, 5.786838531494141, 4.207137107849121, 20.25487518310547, 4.627094268798828, 5.81270170211792, 4.00124979019165, 6.159545421600342, 7.379702091217041, 6.686553955078125, 4.327528476715088, 7.060276031494141, 3.641428232192993, 6.925315856933594]],