{"environment": "navix/Navix-Dynamic-Obstacles-6x6-Random-v0", "algorithm": "ppo", "num_seeds": 32, "global_seed": 0, "config": {"env": "navix/Navix-Dynamic-Obstacles-6x6-Random-v0", "agent_kwargs": {"activation": "tanh"}, "num_envs": 16, "num_steps": 128, "num_epochs": 16, "num_minibatches": 8, "learning_rate": 0.0003, "max_grad_norm": 5, "total_timesteps": 1048576, "eval_freq": 262144, "gamma": 0.99, "gae_lambda": 0.99, "clip_eps": 0.2, "ent_coef": 0.01, "vf_coef": 0.5, "normalize_observations": true}, "time/lower": 14.345791948999999, "time/compile": 22.196341393, "time/process_time": [0.06718316199999919, 10.474608175, 20.856753261999998, 31.250918837, 41.67020683], "step": [0, 262144, 524288, 786432, 1048576], "episode_length": [[9.350000381469727, 11.75, 7.25, 8.050000190734863, 7.450000286102295, 8.90000057220459, 6.849999904632568, 10.600000381469727, 9.800000190734863, 14.25, 9.350000381469727, 11.75, 13.300000190734863, 9.600000381469727, 13.449999809265137, 8.699999809265137, 6.700000286102295, 9.600000381469727, 7.0, 9.25, 8.350000381469727, 7.950000286102295, 8.5, 8.050000190734863, 6.950000286102295, 7.900000095367432, 9.949999809265137, 10.75, 11.550000190734863, 9.800000190734863, 8.5, 9.25], [4.550000190734863, 3.950000047683716, 3.8500001430511475, 4.349999904632568, 3.6500000953674316, 4.25, 3.700000047683716, 5.900000095367432, 4.75, 3.4000000953674316, 4.25, 5.25, 3.9000000953674316, 4.650000095367432, 4.25, 5.150000095367432, 4.900000095367432, 4.650000095367432, 4.900000095367432, 5.0, 4.150000095367432, 4.5, 5.150000095367432, 3.799999952316284, 5.5, 4.5, 4.300000190734863, 3.1500000953674316, 4.75, 5.0, 4.25, 4.200000286102295], [3.1000001430511475, 4.849999904632568, 5.75, 5.349999904632568, 5.150000095367432, 5.450000286102295, 4.75, 4.700000286102295, 4.300000190734863, 3.6500000953674316, 5.25, 5.700000286102295, 5.0, 4.0, 5.0, 5.5, 5.400000095367432, 3.6500000953674316, 3.049999952316284, 4.099999904632568, 3.6000001430511475, 4.650000095367432, 5.650000095367432, 4.450000286102295, 5.0, 3.5, 3.9000000953674316, 4.050000190734863, 5.650000095367432, 3.549999952316284, 4.25, 4.0], [6.550000190734863, 4.849999904632568, 3.9000000953674316, 5.349999904632568, 3.700000047683716, 3.8500001430511475, 5.450000286102295, 5.099999904632568, 4.450000286102295, 4.800000190734863, 4.849999904632568, 3.299999952316284, 4.450000286102295, 4.0, 3.549999952316284, 6.200000286102295, 5.200000286102295, 4.700000286102295, 4.050000190734863, 4.450000286102295, 5.300000190734863, 4.700000286102295, 4.200000286102295, 4.0, 5.200000286102295, 4.050000190734863, 5.5, 4.849999904632568, 4.650000095367432, 4.25, 3.700000047683716, 4.599999904632568], [4.650000095367432, 4.150000095367432, 4.5, 4.5, 4.950000286102295, 4.550000190734863, 5.849999904632568, 4.050000190734863, 6.0, 5.050000190734863, 4.150000095367432, 5.5, 4.950000286102295, 4.700000286102295, 5.400000095367432, 5.450000286102295, 4.5, 5.25, 5.25, 3.700000047683716, 4.25, 4.200000286102295, 4.25, 5.950000286102295, 5.300000190734863, 4.700000286102295, 4.5, 5.349999904632568, 5.349999904632568, 4.900000095367432, 4.400000095367432, 3.6000001430511475]], "episode_length_max": [[37, 48, 23, 42, 45, 42, 28, 25, 26, 45, 40, 56, 63, 23, 49, 30, 28, 36, 24, 29, 46, 32, 35, 31, 30, 30, 36, 44, 28, 23, 24, 33], [9, 9, 8, 10, 7, 12, 8, 12, 20, 11, 9, 10, 9, 11, 8, 15, 10, 10, 11, 13, 11, 10, 13, 8, 13, 11, 14, 7, 11, 16, 10, 14], [8, 10, 12, 11, 14, 12, 14, 14, 9, 9, 10, 14, 17, 9, 10, 14, 11, 9, 9, 14, 8, 12, 15, 9, 17, 8, 9, 8, 9, 13, 10, 8], [18, 12, 11, 10, 9, 10, 11, 12, 12, 10, 9, 9, 10, 12, 9, 16, 13, 9, 10, 11, 10, 12, 8, 10, 10, 16, 16, 8, 15, 9, 10, 11], [10, 9, 8, 9, 17, 12, 16, 13, 15, 12, 10, 10, 14, 9, 13, 17, 13, 19, 13, 10, 8, 10, 9, 22, 11, 14, 8, 14, 13, 15, 18, 8]], "episode_length_min": [[1, 1, 1, 1, 1, 1, 1, 1, 1, 1, 1, 1, 1, 1, 2, 1, 1, 1, 1, 1, 1, 1, 1, 1, 1, 1, 1, 1, 2, 1, 1, 1], [1, 1, 1, 1, 1, 1, 1, 1, 1, 1, 1, 1, 1, 2, 1, 1, 1, 1, 1, 1, 1, 1, 1, 1, 2, 1, 1, 1, 1, 1, 1, 1], [1, 1, 1, 1, 1, 1, 1, 1, 1, 1, 1, 1, 1, 1, 1, 1, 2, 1, 1, 1, 1, 1, 1, 1, 1, 1, 1, 1, 1, 1, 1, 1], [1, 1, 1, 1, 1, 1, 1, 1, 1, 1, 1, 1, 1, 1, 1, 1, 1, 1, 1, 1, 1, 1, 1, 1, 1, 1, 1, 2, 1, 1, 1, 1], [1, 1, 1, 1, 1, 1, 1, 1, 1, 1, 1, 2, 1, 1, 1, 2, 1, 2, 2, 1, 1, 1, 1, 1, 1, 1, 1, 1, 1, 1, 1, 1]], "episode_length_std": [[9.870536804199219, 12.620915412902832, 6.510568141937256, 9.063526153564453, 10.665246963500977, 11.827509880065918, 7.505164623260498, 7.914544105529785, 8.072174072265625, 13.216939926147461, 9.804463386535645, 12.537444114685059, 13.95743465423584, 7.525954723358154, 13.059383392333984, 8.527016639709473, 7.267049312591553, 8.890443801879883, 5.576737403869629, 8.160116195678711, 10.355071067810059, 7.638553619384766, 8.096295356750488, 7.499833583831787, 6.851824760437012, 8.90449333190918, 8.488079071044922, 9.272944450378418, 6.9532365798950195, 7.1944427490234375, 6.7490739822387695, 9.208012580871582], [2.692117929458618, 2.178875684738159, 2.4140212535858154, 2.3510634899139404, 1.7399712800979614, 3.0310888290405273, 2.0999999046325684, 3.0643107891082764, 4.133702754974365, 3.0066592693328857, 2.1418449878692627, 2.7545416355133057, 2.8089144229888916, 2.3296995162963867, 2.1183719635009766, 3.636963367462158, 2.233830690383911, 2.8683619499206543, 2.5670995712280273, 3.224903106689453, 2.5743930339813232, 2.313006639480591, 3.1348843574523926, 2.2715632915496826, 3.383784770965576, 2.991655111312866, 3.0838286876678467, 1.7684738636016846, 2.60528302192688, 4.01248025894165, 2.5470571517944336, 3.1874754428863525], [1.8411952257156372, 2.688400983810425, 2.7545416355133057, 3.004580020904541, 2.850877285003662, 3.1380727291107178, 2.9474565982818604, 4.08778715133667, 1.9773719310760498, 2.24220871925354, 2.5470571517944336, 3.579105854034424, 3.9370038509368896, 2.5298221111297607, 2.236067771911621, 3.4278271198272705, 2.6153392791748047, 1.95639967918396, 2.1788759231567383, 3.1128764152526855, 1.9339078664779663, 3.3804585933685303, 3.4391133785247803, 2.654712677001953, 4.183300018310547, 2.3558437824249268, 2.700000047683716, 2.1089096069335938, 2.797766923904419, 2.9064581394195557, 2.7179956436157227, 2.2135941982269287], [4.831924915313721, 2.7617928981781006, 2.9816105365753174, 2.593742609024048, 2.4515299797058105, 2.3510634899139404, 2.8191308975219727, 3.0805845260620117, 3.122098684310913, 2.6758174896240234, 2.1277921199798584, 1.9773720502853394, 2.4591665267944336, 2.9495761394500732, 1.8296173810958862, 3.7363083362579346, 3.4583232402801514, 2.609597682952881, 2.783432960510254, 3.169779062271118, 2.9000000953674316, 3.421987771987915, 2.2715632915496826, 2.8106937408447266, 3.1080543994903564, 3.323777914047241, 3.6537652015686035, 2.1511623859405518, 3.863612174987793, 2.2776083946228027, 2.431049108505249, 2.745906114578247], [2.6509432792663574, 2.5548973083496094, 2.47991943359375, 2.1794493198394775, 3.353729248046875, 2.6167728900909424, 3.52526593208313, 2.9236104488372803, 3.78153395652771, 3.0244834423065186, 2.743628978729248, 2.47991943359375, 3.7346351146698, 2.3259406089782715, 3.4985711574554443, 3.3087007999420166, 3.47131085395813, 3.9481008052825928, 2.964371681213379, 2.2158517837524414, 2.2994563579559326, 2.785677671432495, 2.0946359634399414, 4.510819911956787, 3.606937885284424, 3.2264528274536133, 2.1794493198394775, 3.086664915084839, 3.3056769371032715, 3.4914181232452393, 4.2355637550354, 2.130727767944336]],