{"environment": "navix/Navix-DoorKey-16x16-v0", "algorithm": "ppo", "num_seeds": 32, "global_seed": 0, "config": {"env": "navix/Navix-DoorKey-16x16-v0", "agent_kwargs": {"activation": "tanh"}, "num_envs": 16, "num_steps": 128, "num_epochs": 2, "num_minibatches": 1, "learning_rate": 0.0003, "max_grad_norm": 1, "total_timesteps": 1048576, "eval_freq": 262144, "gamma": 0.95, "gae_lambda": 0.9, "clip_eps": 0.2, "ent_coef": 0.01, "vf_coef": 0.5, "normalize_observations": false}, "time/lower": 20.7793026, "time/compile": 22.347272224, "time/process_time": [0.0883799300000021, 6.937978069000003, 13.764247302000001, 20.583440902, 27.41164703500001], "step": [0, 262144, 524288, 786432, 1048576], "episode_length": [[100.0, 100.0, 100.0, 100.0, 100.0, 100.0, 100.0, 100.0, 100.0, 100.0, 100.0, 100.0, 100.0, 100.0, 100.0, 100.0, 100.0, 100.0, 100.0, 100.0, 100.0, 100.0, 100.0, 100.0, 100.0, 100.0, 100.0, 100.0, 100.0, 100.0, 100.0, 100.0], [81.25, 100.0, 100.0, 100.0, 100.0, 100.0, 97.6500015258789, 78.8499984741211, 100.0, 100.0, 99.25, 100.0, 82.3499984741211, 100.0, 61.70000076293945, 100.0, 100.0, 100.0, 100.0, 78.4000015258789, 98.05000305175781, 97.80000305175781, 100.0, 80.6500015258789, 57.10000228881836, 100.0, 100.0, 73.95000457763672, 77.55000305175781, 100.0, 100.0, 84.20000457763672], [58.25, 91.1500015258789, 100.0, 100.0, 100.0, 78.1500015258789, 75.5999984741211, 46.85000228881836, 91.5, 100.0, 90.95000457763672, 100.0, 62.25, 100.0, 43.70000076293945, 100.0, 100.0, 100.0, 100.0, 42.400001525878906, 80.3499984741211, 69.30000305175781, 100.0, 56.10000228881836, 34.150001525878906, 100.0, 86.95000457763672, 47.29999923706055, 64.75, 80.75, 100.0, 58.400001525878906], [39.54999923706055, 64.95000457763672, 100.0, 100.0, 67.95000457763672, 59.45000076293945, 46.0, 38.20000076293945, 49.10000228881836, 100.0, 53.04999923706055, 85.9000015258789, 41.650001525878906, 100.0, 52.54999923706055, 100.0, 100.0, 100.0, 100.0, 31.5, 45.04999923706055, 45.75, 100.0, 45.70000076293945, 35.10000228881836, 100.0, 51.400001525878906, 52.70000076293945, 55.0, 56.900001525878906, 100.0, 39.900001525878906], [49.150001525878906, 51.400001525878906, 100.0, 100.0, 48.35000228881836, 42.150001525878906, 38.650001525878906, 34.900001525878906, 32.150001525878906, 100.0, 47.25, 61.400001525878906, 35.150001525878906, 100.0, 42.0, 100.0, 100.0, 100.0, 100.0, 30.05000114440918, 34.900001525878906, 43.54999923706055, 100.0, 45.70000076293945, 27.200000762939453, 100.0, 34.29999923706055, 41.75, 38.20000076293945, 42.900001525878906, 100.0, 38.5]], "episode_length_max": [[100, 100, 100, 100, 100, 100, 100, 100, 100, 100, 100, 100, 100, 100, 100, 100, 100, 100, 100, 100, 100, 100, 100, 100, 100, 100, 100, 100, 100, 100, 100, 100], [100, 100, 100, 100, 100, 100, 100, 100, 100, 100, 100, 100, 100, 100, 100, 100, 100, 100, 100, 100, 100, 100, 100, 100, 100, 100, 100, 100, 100, 100, 100, 100], [100, 100, 100, 100, 100, 100, 100, 100, 100, 100, 100, 100, 100, 100, 100, 100, 100, 100, 100, 100, 100, 100, 100, 100, 100, 100, 100, 100, 100, 100, 100, 100], [100, 100, 100, 100, 100, 100, 100, 100, 100, 100, 100, 100, 100, 100, 100, 100, 100, 100, 100, 100, 100, 100, 100, 100, 100, 100, 100, 100, 100, 100, 100, 100], [100, 100, 100, 100, 100, 100, 100, 100, 100, 100, 100, 100, 100, 100, 100, 100, 100, 100, 100, 57, 100, 100, 100, 100, 28, 100, 63, 100, 100, 100, 100, 100]], "episode_length_min": [[100, 100, 100, 100, 100, 100, 100, 100, 100, 100, 100, 100, 100, 100, 100, 100, 100, 100, 100, 100, 100, 100, 100, 100, 100, 100, 100, 100, 100, 100, 100, 100], [28, 100, 100, 100, 100, 100, 53, 29, 100, 100, 85, 100, 29, 100, 28, 100, 100, 100, 100, 27, 61, 56, 100, 32, 28, 100, 100, 28, 27, 100, 100, 31], [27, 47, 100, 100, 100, 29, 30, 27, 56, 100, 29, 100, 27, 100, 27, 100, 100, 100, 100, 27, 33, 27, 100, 27, 27, 100, 29, 27, 27, 29, 100, 27], [27, 27, 100, 100, 29, 27, 27, 27, 27, 100, 27, 35, 27, 100, 27, 100, 100, 100, 100, 27, 27, 27, 100, 27, 27, 100, 28, 27, 27, 27, 100, 27], [27, 27, 100, 100, 27, 27, 27, 27, 27, 100, 27, 27, 27, 100, 27, 100, 100, 100, 100, 27, 27, 27, 100, 27, 27, 100, 27, 27, 27, 27, 100, 27]], "episode_length_std": [[0.0, 0.0, 0.0, 0.0, 0.0, 0.0, 0.0, 0.0, 0.0, 0.0, 0.0, 0.0, 0.0, 0.0, 0.0, 0.0, 0.0, 0.0, 0.0, 0.0, 0.0, 0.0, 0.0, 0.0, 0.0, 0.0, 0.0, 0.0, 0.0, 0.0, 0.0, 0.0], [28.987712860107422, 0.0, 0.0, 0.0, 0.0, 0.0, 10.243412017822266, 28.723291397094727, 0.0, 0.0, 3.269174098968506, 0.0, 24.680509567260742, 0.0, 31.466012954711914, 0.0, 0.0, 0.0, 0.0, 29.530323028564453, 8.499853134155273, 9.589577674865723, 0.0, 26.695085525512695, 29.649452209472656, 0.0, 0.0, 28.198360443115234, 28.542028427124023, 0.0, 0.0, 24.58780288696289], [34.23722457885742, 15.605366706848145, 0.0, 0.0, 0.0, 26.561769485473633, 27.583330154418945, 27.57040786743164, 14.752965927124023, 0.0, 20.47064781188965, 0.0, 33.14494705200195, 0.0, 25.69260597229004, 0.0, 0.0, 0.0, 0.0, 25.102590560913086, 27.637428283691406, 32.118690490722656, 0.0, 31.756729125976562, 15.618178367614746, 0.0, 25.673870086669922, 30.58774185180664, 30.86887550354004, 26.699953079223633, 0.0, 31.59968376159668], [25.535221099853516, 33.77347183227539, 0.0, 0.0, 30.536001205444336, 32.66416549682617, 26.38370704650879, 22.633161544799805, 29.630897521972656, 0.0, 30.939416885375977, 23.989370346069336, 22.154626846313477, 0.0, 34.12693405151367, 0.0, 0.0, 0.0, 0.0, 15.743252754211426, 25.894933700561523, 28.68252944946289, 0.0, 28.103557586669922, 21.656177520751953, 0.0, 31.89263343811035, 34.71037292480469, 34.0323371887207, 33.83327102661133, 0.0, 22.724218368530273], [33.29305648803711, 29.048925399780273, 0.0, 0.0, 31.166128158569336, 25.99860382080078, 22.27840805053711, 21.743736267089844, 15.872223854064941, 0.0, 30.557937622070312, 34.550540924072266, 21.859268188476562, 0.0, 29.010343551635742, 0.0, 0.0, 0.0, 0.0, 8.985960960388184, 21.729936599731445, 28.993921279907227, 0.0, 31.378494262695312, 0.4000000059604645, 0.0, 13.027278900146484, 28.18842887878418, 25.96651840209961, 28.593530654907227, 0.0, 25.854400634765625]], "return": [[0.0, 0.0, 0.0, 0.0, 0.0, 0.0, 0.0, 0.0, 0.0, 0.0, 0.0, 0.0, 0.0, 0.0, 0.0, 0.0, 0.0, 0.0, 0.0, 0.0, 0.0, 0.0, 0.0, 0.0, 0.0, 0.0, 0.0, 0.0, 0.0, 0.0, 0.0, 0.0], [0.30000001192092896, 0.0, 0.0, 0.0, 0.0, 0.0, 0.05000000074505806, 0.4000000059604645, 0.0, 0.0, 0.05000000074505806, 0.0, 0.5, 0.0, 0.6500000357627869, 0.0, 0.0, 0.0, 0.0, 0.4000000059604645, 0.05000000074505806, 0.05000000074505806, 0.0, 0.4000000059604645, 0.699999988079071, 0.0, 0.0, 0.550000011920929, 0.4000000059604645, 0.0, 0.0, 0.3499999940395355], [0.6000000238418579, 0.30000001192092896, 0.0, 0.0, 0.0, 0.45000001788139343, 0.5, 0.8500000238418579, 0.30000001192092896, 0.0, 0.20000000298023224, 0.0, 0.6500000357627869, 0.0, 0.8500000238418579, 0.0, 0.0, 0.0, 0.0, 0.9000000357627869, 0.3499999940395355, 0.550000011920929, 0.0, 0.699999988079071, 0.949999988079071, 0.0, 0.25, 0.75, 0.699999988079071, 0.4000000059604645, 0.0, 0.699999988079071], [0.8500000238418579, 0.550000011920929, 0.0, 0.0, 0.550000011920929, 0.6500000357627869, 0.8500000238418579, 0.9000000357627869, 0.75, 0.0, 0.699999988079071, 0.30000001192092896, 0.9000000357627869, 0.0, 0.699999988079071, 0.0, 0.0, 0.0, 0.0, 0.949999988079071, 0.8500000238418579, 0.8500000238418579, 0.0, 0.800000011920929, 0.9000000357627869, 0.0, 0.75, 0.6500000357627869, 0.6500000357627869, 0.6500000357627869, 0.0, 0.9000000357627869], [0.699999988079071, 0.800000011920929, 0.0, 0.0, 0.75, 0.8500000238418579, 0.9000000357627869, 0.9000000357627869, 0.949999988079071, 0.0, 0.75, 0.6500000357627869, 0.9000000357627869, 0.0, 0.800000011920929, 0.0, 0.0, 0.0, 0.0, 1.0, 0.9000000357627869, 0.800000011920929, 0.0, 0.75, 1.0, 0.0, 1.0, 0.8500000238418579, 0.8500000238418579, 0.800000011920929, 0.0, 0.8500000238418579]],