{"environment": "navix/Navix-Empty-6x6-v0", "algorithm": "dqn", "num_seeds": 32, "global_seed": 0, "config": {"env": "navix/Navix-Empty-6x6-v0", "agent_kwargs": {"activation": "swish"}, "num_envs": 128, "gradient_steps": 128, "buffer_size": 131072, "fill_buffer": 8192, "batch_size": 1024, "learning_rate": 0.0003, "max_grad_norm": 0.5, "total_timesteps": 1048576, "eval_freq": 131072, "gamma": 0.95, "eps_start": 1.0, "eps_end": 0.01, "exploration_fraction": 0.3, "target_update_freq": 8192, "ddqn": true, "normalize_observations": true}, "time/lower": 10.000973023, "time/compile": 17.111895014999998, "time/process_time": [0.05674673400000074, 67.97475505199999, 140.436256208, 212.89234736100002, 285.39444125299997, 357.858114593, 430.383790326, 502.8757328749999, 575.409395048], "step": [0, 131072, 262144, 393216, 524288, 655360, 786432, 917504, 1048576], "episode_length": [[100.0, 100.0, 100.0, 100.0, 100.0, 100.0, 100.0, 100.0, 100.0, 100.0, 100.0, 100.0, 100.0, 100.0, 100.0, 100.0, 100.0, 100.0, 100.0, 100.0, 100.0, 100.0, 100.0, 100.0, 100.0, 100.0, 100.0, 100.0, 100.0, 100.0, 100.0, 100.0], [7.25, 7.5, 7.550000190734863, 7.25, 7.300000190734863, 7.099999904632568, 7.25, 7.700000286102295, 7.300000190734863, 7.349999904632568, 7.200000286102295, 7.5, 7.349999904632568, 7.300000190734863, 7.550000190734863, 7.550000190734863, 7.099999904632568, 7.349999904632568, 7.300000190734863, 7.200000286102295, 7.150000095367432, 7.599999904632568, 7.700000286102295, 7.25, 7.349999904632568, 7.400000095367432, 7.200000286102295, 7.150000095367432, 7.400000095367432, 7.400000095367432, 7.200000286102295, 7.25], [7.300000190734863, 7.450000286102295, 7.349999904632568, 7.550000190734863, 7.349999904632568, 7.349999904632568, 7.550000190734863, 7.300000190734863, 7.400000095367432, 7.349999904632568, 7.5, 7.099999904632568, 7.349999904632568, 7.400000095367432, 7.650000095367432, 7.400000095367432, 7.400000095367432, 7.5, 7.450000286102295, 7.450000286102295, 7.5, 7.800000190734863, 7.5, 7.550000190734863, 7.450000286102295, 7.450000286102295, 7.200000286102295, 7.5, 7.150000095367432, 7.5, 7.450000286102295, 7.400000095367432], [7.550000190734863, 7.25, 7.349999904632568, 7.550000190734863, 7.200000286102295, 7.349999904632568, 7.200000286102295, 7.25, 7.25, 7.25, 7.099999904632568, 7.25, 7.300000190734863, 7.200000286102295, 7.050000190734863, 7.25, 7.200000286102295, 7.349999904632568, 7.25, 7.150000095367432, 7.349999904632568, 7.150000095367432, 7.5, 7.599999904632568, 7.150000095367432, 7.300000190734863, 7.349999904632568, 7.450000286102295, 7.349999904632568, 7.400000095367432, 7.200000286102295, 7.550000190734863], [7.450000286102295, 7.450000286102295, 7.300000190734863, 7.450000286102295, 7.349999904632568, 7.900000095367432, 7.300000190734863, 7.550000190734863, 7.700000286102295, 7.349999904632568, 7.349999904632568, 7.900000095367432, 7.25, 7.349999904632568, 7.700000286102295, 7.450000286102295, 7.349999904632568, 7.25, 7.300000190734863, 7.550000190734863, 7.450000286102295, 7.550000190734863, 7.550000190734863, 7.650000095367432, 7.349999904632568, 7.400000095367432, 7.099999904632568, 7.5, 7.450000286102295, 7.300000190734863, 7.650000095367432, 7.450000286102295], [7.25, 7.450000286102295, 7.400000095367432, 7.150000095367432, 7.150000095367432, 7.599999904632568, 7.25, 7.200000286102295, 7.300000190734863, 7.300000190734863, 7.450000286102295, 7.700000286102295, 7.349999904632568, 7.349999904632568, 7.300000190734863, 7.200000286102295, 7.5, 7.400000095367432, 7.599999904632568, 7.599999904632568, 7.450000286102295, 7.200000286102295, 7.300000190734863, 7.200000286102295, 7.599999904632568, 7.450000286102295, 7.599999904632568, 7.599999904632568, 7.450000286102295, 7.400000095367432, 7.400000095367432, 7.400000095367432], [7.25, 7.5, 7.300000190734863, 7.450000286102295, 7.5, 7.349999904632568, 7.300000190734863, 7.450000286102295, 7.599999904632568, 7.300000190734863, 7.400000095367432, 7.25, 7.25, 7.400000095367432, 7.700000286102295, 7.400000095367432, 7.349999904632568, 7.300000190734863, 7.400000095367432, 7.050000190734863, 7.150000095367432, 7.450000286102295, 7.25, 7.450000286102295, 7.599999904632568, 7.400000095367432, 7.450000286102295, 7.400000095367432, 7.450000286102295, 7.599999904632568, 7.700000286102295, 7.599999904632568], [7.349999904632568, 7.349999904632568, 7.400000095367432, 7.75, 7.099999904632568, 7.25, 7.200000286102295, 7.5, 7.5, 7.25, 7.400000095367432, 7.200000286102295, 7.099999904632568, 7.550000190734863, 7.050000190734863, 7.550000190734863, 7.5, 7.25, 7.25, 7.300000190734863, 7.5, 7.300000190734863, 7.349999904632568, 7.25, 7.200000286102295, 7.150000095367432, 7.400000095367432, 7.300000190734863, 7.400000095367432, 7.349999904632568, 7.200000286102295, 7.200000286102295], [7.150000095367432, 7.150000095367432, 11.949999809265137, 7.200000286102295, 7.450000286102295, 7.300000190734863, 7.400000095367432, 7.050000190734863, 7.5, 7.25, 7.300000190734863, 7.300000190734863, 7.450000286102295, 7.349999904632568, 7.599999904632568, 7.349999904632568, 7.349999904632568, 7.300000190734863, 7.300000190734863, 7.450000286102295, 7.550000190734863, 7.349999904632568, 7.349999904632568, 7.650000095367432, 7.450000286102295, 7.550000190734863, 7.450000286102295, 7.5, 7.25, 7.150000095367432, 7.550000190734863, 7.300000190734863]], "episode_length_max": [[100, 100, 100, 100, 100, 100, 100, 100, 100, 100, 100, 100, 100, 100, 100, 100, 100, 100, 100, 100, 100, 100, 100, 100, 100, 100, 100, 100, 100, 100, 100, 100], [9, 9, 12, 9, 9, 8, 9, 9, 10, 9, 8, 9, 9, 9, 9, 10, 8, 9, 8, 9, 9, 9, 11, 9, 9, 10, 8, 9, 10, 8, 8, 8], [9, 9, 9, 9, 8, 10, 11, 9, 9, 9, 10, 8, 9, 9, 10, 9, 9, 9, 9, 10, 10, 10, 9, 9, 9, 10, 8, 9, 8, 10, 9, 9], [10, 11, 9, 11, 9, 9, 8, 9, 10, 9, 9, 9, 9, 9, 8, 9, 9, 9, 9, 9, 9, 9, 9, 10, 10, 9, 9, 9, 9, 9, 9, 11], [9, 10, 9, 9, 10, 10, 9, 9, 11, 9, 9, 12, 10, 10, 10, 10, 9, 9, 9, 9, 9, 9, 11, 9, 10, 10, 8, 12, 9, 9, 11, 10], [9, 9, 9, 8, 8, 11, 8, 9, 11, 10, 9, 9, 8, 11, 9, 9, 10, 9, 11, 9, 9, 9, 9, 8, 10, 9, 10, 12, 10, 9, 10, 10], [8, 11, 9, 9, 9, 8, 9, 10, 10, 9, 9, 9, 10, 9, 10, 10, 9, 9, 9, 8, 8, 10, 8, 9, 11, 9, 9, 9, 10, 10, 10, 10], [10, 9, 9, 12, 8, 8, 8, 10, 9, 9, 9, 9, 8, 9, 8, 10, 9, 9, 8, 9, 10, 9, 9, 9, 8, 8, 9, 9, 10, 10, 9, 8], [9, 8, 100, 8, 11, 9, 9, 8, 10, 8, 10, 9, 9, 9, 11, 9, 10, 9, 9, 9, 9, 10, 9, 11, 9, 11, 9, 10, 9, 8, 10, 10]], "episode_length_min": [[100, 100, 100, 100, 100, 100, 100, 100, 100, 100, 100, 100, 100, 100, 100, 100, 100, 100, 100, 100, 100, 100, 100, 100, 100, 100, 100, 100, 100, 100, 100, 100], [7, 7, 7, 7, 7, 7, 7, 7, 7, 7, 7, 7, 7, 7, 7, 7, 7, 7, 7, 7, 7, 7, 7, 7, 7, 7, 7, 7, 7, 7, 7, 7], [7, 7, 7, 7, 7, 7, 7, 7, 7, 7, 7, 7, 7, 7, 7, 7, 7, 7, 7, 7, 7, 7, 7, 7, 7, 7, 7, 7, 7, 7, 7, 7], [7, 7, 7, 7, 7, 7, 7, 7, 7, 7, 7, 7, 7, 7, 7, 7, 7, 7, 7, 7, 7, 7, 7, 7, 7, 7, 7, 7, 7, 7, 7, 7], [7, 7, 7, 7, 7, 7, 7, 7, 7, 7, 7, 7, 7, 7, 7, 7, 7, 7, 7, 7, 7, 7, 7, 7, 7, 7, 7, 7, 7, 7, 7, 7], [7, 7, 7, 7, 7, 7, 7, 7, 7, 7, 7, 7, 7, 7, 7, 7, 7, 7, 7, 7, 7, 7, 7, 7, 7, 7, 7, 7, 7, 7, 7, 7], [7, 7, 7, 7, 7, 7, 7, 7, 7, 7, 7, 7, 7, 7, 7, 7, 7, 7, 7, 7, 7, 7, 7, 7, 7, 7, 7, 7, 7, 7, 7, 7], [7, 7, 7, 7, 7, 7, 7, 7, 7, 7, 7, 7, 7, 7, 7, 7, 7, 7, 7, 7, 7, 7, 7, 7, 7, 7, 7, 7, 7, 7, 7, 7], [7, 7, 7, 7, 7, 7, 7, 7, 7, 7, 7, 7, 7, 7, 7, 7, 7, 7, 7, 7, 7, 7, 7, 7, 7, 7, 7, 7, 7, 7, 7, 7]],