{"environment": "navix/Navix-DoorKey-16x16-v0", "algorithm": "dqn", "num_seeds": 32, "global_seed": 0, "config": {"env": "navix/Navix-DoorKey-16x16-v0", "agent_kwargs": {"activation": "relu"}, "num_envs": 128, "gradient_steps": 128, "buffer_size": 131072, "fill_buffer": 8192, "batch_size": 512, "learning_rate": 0.0003, "max_grad_norm": 1, "total_timesteps": 1048576, "eval_freq": 131072, "gamma": 0.95, "eps_start": 1.0, "eps_end": 0.01, "exploration_fraction": 0.5, "target_update_freq": 2048, "ddqn": true, "normalize_observations": false}, "time/lower": 17.912626889000002, "time/compile": 20.778391405999997, "time/process_time": [0.07424432499999511, 97.668743202, 200.71631177799998, 303.741722201, 406.81402333200003, 509.89393280600007, 612.946565025, 716.0260978580001, 819.116767964], "step": [0, 131072, 262144, 393216, 524288, 655360, 786432, 917504, 1048576], "episode_length": [[96.75, 100.0, 100.0, 89.1500015258789, 100.0, 100.0, 100.0, 100.0, 100.0, 100.0, 100.0, 93.0, 100.0, 100.0, 100.0, 100.0, 100.0, 100.0, 98.05000305175781, 100.0, 100.0, 100.0, 100.0, 100.0, 100.0, 100.0, 100.0, 100.0, 100.0, 100.0, 100.0, 100.0], [100.0, 96.75, 100.0, 100.0, 100.0, 100.0, 100.0, 100.0, 100.0, 100.0, 100.0, 100.0, 100.0, 100.0, 100.0, 100.0, 100.0, 100.0, 100.0, 100.0, 100.0, 100.0, 100.0, 100.0, 100.0, 100.0, 100.0, 92.70000457763672, 100.0, 100.0, 100.0, 100.0], [100.0, 100.0, 91.8499984741211, 84.4000015258789, 100.0, 85.3499984741211, 100.0, 100.0, 100.0, 100.0, 95.70000457763672, 100.0, 100.0, 100.0, 100.0, 100.0, 100.0, 100.0, 100.0, 100.0, 100.0, 94.5, 99.0, 100.0, 100.0, 100.0, 100.0, 100.0, 89.5999984741211, 100.0, 100.0, 100.0], [100.0, 100.0, 100.0, 100.0, 100.0, 86.5, 89.5999984741211, 100.0, 100.0, 100.0, 100.0, 100.0, 100.0, 88.70000457763672, 100.0, 100.0, 100.0, 100.0, 100.0, 100.0, 100.0, 93.05000305175781, 100.0, 100.0, 100.0, 100.0, 100.0, 100.0, 100.0, 87.05000305175781, 98.55000305175781, 100.0], [100.0, 100.0, 88.05000305175781, 100.0, 100.0, 93.70000457763672, 100.0, 100.0, 100.0, 100.0, 100.0, 100.0, 100.0, 100.0, 100.0, 100.0, 100.0, 100.0, 100.0, 100.0, 100.0, 89.80000305175781, 100.0, 100.0, 100.0, 96.25, 95.5999984741211, 100.0, 100.0, 100.0, 100.0, 100.0], [100.0, 100.0, 100.0, 86.80000305175781, 100.0, 88.95000457763672, 97.75, 100.0, 100.0, 100.0, 100.0, 100.0, 100.0, 100.0, 100.0, 100.0, 100.0, 100.0, 100.0, 100.0, 100.0, 90.9000015258789, 95.0, 100.0, 100.0, 94.75, 100.0, 100.0, 100.0, 100.0, 100.0, 100.0], [100.0, 100.0, 100.0, 100.0, 100.0, 88.20000457763672, 100.0, 100.0, 91.55000305175781, 100.0, 100.0, 100.0, 100.0, 100.0, 100.0, 100.0, 100.0, 100.0, 100.0, 89.5, 100.0, 84.0, 100.0, 100.0, 100.0, 85.1500015258789, 92.4000015258789, 100.0, 100.0, 100.0, 100.0, 96.05000305175781], [100.0, 97.20000457763672, 100.0, 100.0, 100.0, 90.70000457763672, 100.0, 100.0, 100.0, 100.0, 100.0, 100.0, 100.0, 100.0, 100.0, 100.0, 100.0, 100.0, 90.8499984741211, 98.8499984741211, 100.0, 100.0, 100.0, 100.0, 100.0, 98.8499984741211, 100.0, 100.0, 100.0, 100.0, 100.0, 100.0], [100.0, 100.0, 100.0, 100.0, 100.0, 92.80000305175781, 100.0, 100.0, 100.0, 100.0, 100.0, 100.0, 100.0, 100.0, 100.0, 100.0, 100.0, 100.0, 100.0, 89.9000015258789, 100.0, 79.05000305175781, 100.0, 100.0, 100.0, 90.05000305175781, 100.0, 100.0, 100.0, 100.0, 100.0, 100.0]], "episode_length_max": [[100, 100, 100, 100, 100, 100, 100, 100, 100, 100, 100, 100, 100, 100, 100, 100, 100, 100, 100, 100, 100, 100, 100, 100, 100, 100, 100, 100, 100, 100, 100, 100], [100, 100, 100, 100, 100, 100, 100, 100, 100, 100, 100, 100, 100, 100, 100, 100, 100, 100, 100, 100, 100, 100, 100, 100, 100, 100, 100, 100, 100, 100, 100, 100], [100, 100, 100, 100, 100, 100, 100, 100, 100, 100, 100, 100, 100, 100, 100, 100, 100, 100, 100, 100, 100, 100, 100, 100, 100, 100, 100, 100, 100, 100, 100, 100], [100, 100, 100, 100, 100, 100, 100, 100, 100, 100, 100, 100, 100, 100, 100, 100, 100, 100, 100, 100, 100, 100, 100, 100, 100, 100, 100, 100, 100, 100, 100, 100], [100, 100, 100, 100, 100, 100, 100, 100, 100, 100, 100, 100, 100, 100, 100, 100, 100, 100, 100, 100, 100, 100, 100, 100, 100, 100, 100, 100, 100, 100, 100, 100], [100, 100, 100, 100, 100, 100, 100, 100, 100, 100, 100, 100, 100, 100, 100, 100, 100, 100, 100, 100, 100, 100, 100, 100, 100, 100, 100, 100, 100, 100, 100, 100], [100, 100, 100, 100, 100, 100, 100, 100, 100, 100, 100, 100, 100, 100, 100, 100, 100, 100, 100, 100, 100, 100, 100, 100, 100, 100, 100, 100, 100, 100, 100, 100], [100, 100, 100, 100, 100, 100, 100, 100, 100, 100, 100, 100, 100, 100, 100, 100, 100, 100, 100, 100, 100, 100, 100, 100, 100, 100, 100, 100, 100, 100, 100, 100], [100, 100, 100, 100, 100, 100, 100, 100, 100, 100, 100, 100, 100, 100, 100, 100, 100, 100, 100, 100, 100, 100, 100, 100, 100, 100, 100, 100, 100, 100, 100, 100]], "episode_length_min": [[35, 100, 100, 29, 100, 100, 100, 100, 100, 100, 100, 39, 100, 100, 100, 100, 100, 100, 61, 100, 100, 100, 100, 100, 100, 100, 100, 100, 100, 100, 100, 100], [100, 55, 100, 100, 100, 100, 100, 100, 100, 100, 100, 100, 100, 100, 100, 100, 100, 100, 100, 100, 100, 100, 100, 100, 100, 100, 100, 36, 100, 100, 100, 100], [100, 100, 32, 30, 100, 27, 100, 100, 100, 100, 50, 100, 100, 100, 100, 100, 100, 100, 100, 100, 100, 29, 80, 100, 100, 100, 100, 100, 32, 100, 100, 100], [100, 100, 100, 100, 100, 46, 41, 100, 100, 100, 100, 100, 100, 36, 100, 100, 100, 100, 100, 100, 100, 39, 100, 100, 100, 100, 100, 100, 100, 33, 71, 100], [100, 100, 32, 100, 100, 53, 100, 100, 100, 100, 100, 100, 100, 100, 100, 100, 100, 100, 100, 100, 100, 30, 100, 100, 100, 40, 52, 100, 100, 100, 100, 100], [100, 100, 100, 31, 100, 38, 55, 100, 100, 100, 100, 100, 100, 100, 100, 100, 100, 100, 100, 100, 100, 31, 46, 100, 100, 51, 100, 100, 100, 100, 100, 100], [100, 100, 100, 100, 100, 38, 100, 100, 40, 100, 100, 100, 100, 100, 100, 100, 100, 100, 100, 28, 100, 48, 100, 100, 100, 32, 43, 100, 100, 100, 100, 52], [100, 66, 100, 100, 100, 42, 100, 100, 100, 100, 100, 100, 100, 100, 100, 100, 100, 100, 39, 77, 100, 100, 100, 100, 100, 77, 100, 100, 100, 100, 100, 100], [100, 100, 100, 100, 100, 39, 100, 100, 100, 100, 100, 100, 100, 100, 100, 100, 100, 100, 100, 32, 100, 29, 100, 100, 100, 29, 100, 100, 100, 100, 100, 100]],