{"environment": "navix/Navix-Empty-6x6-v0", "algorithm": "sac", "num_seeds": 32, "global_seed": 0, "config": {"env": "navix/Navix-Empty-6x6-v0", "agent_kwargs": {"activation": "tanh"}, "num_envs": 128, "buffer_size": 131072, "fill_buffer": 8192, "batch_size": 512, "learning_rate": 0.0003, "gradient_steps": 128, "total_timesteps": 1048576, "eval_freq": 131072, "gamma": 0.8, "tau": 0.95, "target_entropy_ratio": 0.5, "normalize_observations": false}, "time/lower": 10.257272369, "time/compile": 18.813982621, "time/process_time": [0.06442387699999941, 87.939853968, 181.58435257999997, 275.23378950899996, 368.82012894999997, 462.46466953699996, 556.083232233, 649.669200697, 743.276005575], "step": [0, 131072, 262144, 393216, 524288, 655360, 786432, 917504, 1048576], "episode_length": [[98.70000457763672, 92.0999984741211, 82.70000457763672, 100.0, 96.25, 99.3499984741211, 100.0, 91.20000457763672, 90.6500015258789, 96.0, 94.25, 100.0, 83.4000015258789, 99.6500015258789, 94.20000457763672, 99.80000305175781, 95.0999984741211, 100.0, 93.8499984741211, 95.4000015258789, 88.0, 99.3499984741211, 98.1500015258789, 90.05000305175781, 97.5999984741211, 100.0, 97.4000015258789, 98.80000305175781, 100.0, 95.30000305175781, 67.4000015258789, 92.95000457763672], [8.850000381469727, 8.25, 9.75, 8.449999809265137, 9.199999809265137, 8.550000190734863, 7.950000286102295, 8.699999809265137, 9.350000381469727, 8.300000190734863, 9.949999809265137, 8.5, 9.800000190734863, 8.199999809265137, 9.850000381469727, 9.100000381469727, 9.550000190734863, 8.90000057220459, 9.25, 9.550000190734863, 8.600000381469727, 9.25, 9.449999809265137, 8.90000057220459, 8.550000190734863, 9.0, 8.0, 9.850000381469727, 8.15000057220459, 9.100000381469727, 9.449999809265137, 8.600000381469727], [10.300000190734863, 8.15000057220459, 10.15000057220459, 8.5, 8.550000190734863, 10.15000057220459, 10.600000381469727, 9.5, 9.75, 10.5, 8.699999809265137, 8.40000057220459, 9.550000190734863, 10.0, 8.850000381469727, 8.949999809265137, 11.25, 11.25, 9.449999809265137, 9.699999809265137, 8.90000057220459, 8.75, 9.699999809265137, 9.300000190734863, 9.350000381469727, 10.550000190734863, 9.699999809265137, 10.100000381469727, 9.5, 8.699999809265137, 11.550000190734863, 9.550000190734863], [9.949999809265137, 9.350000381469727, 8.949999809265137, 10.65000057220459, 9.15000057220459, 8.699999809265137, 8.850000381469727, 10.25, 10.600000381469727, 10.350000381469727, 9.100000381469727, 10.90000057220459, 10.949999809265137, 9.050000190734863, 10.75, 9.199999809265137, 10.90000057220459, 9.550000190734863, 9.40000057220459, 9.850000381469727, 8.90000057220459, 10.100000381469727, 9.65000057220459, 9.0, 10.800000190734863, 10.5, 8.949999809265137, 9.600000381469727, 10.15000057220459, 9.65000057220459, 9.65000057220459, 10.050000190734863], [9.5, 9.25, 9.449999809265137, 10.600000381469727, 10.449999809265137, 9.699999809265137, 10.0, 10.0, 10.600000381469727, 9.100000381469727, 9.15000057220459, 11.5, 10.699999809265137, 9.0, 9.449999809265137, 10.550000190734863, 9.300000190734863, 9.699999809265137, 10.0, 9.40000057220459, 9.050000190734863, 8.600000381469727, 9.600000381469727, 10.050000190734863, 9.15000057220459, 8.75, 9.90000057220459, 10.40000057220459, 10.0, 9.90000057220459, 9.40000057220459, 9.90000057220459], [8.65000057220459, 9.5, 9.600000381469727, 10.5, 9.050000190734863, 9.699999809265137, 8.75, 10.199999809265137, 11.949999809265137, 9.850000381469727, 9.050000190734863, 9.350000381469727, 9.199999809265137, 9.25, 9.40000057220459, 9.699999809265137, 9.65000057220459, 9.5, 9.550000190734863, 10.850000381469727, 8.550000190734863, 10.0, 10.65000057220459, 10.949999809265137, 9.449999809265137, 9.75, 10.850000381469727, 8.800000190734863, 9.0, 8.949999809265137, 10.100000381469727, 9.75], [9.40000057220459, 9.800000190734863, 9.050000190734863, 9.449999809265137, 9.800000190734863, 9.699999809265137, 9.350000381469727, 9.25, 10.699999809265137, 8.75, 9.40000057220459, 9.5, 10.050000190734863, 9.850000381469727, 8.600000381469727, 9.550000190734863, 10.100000381469727, 10.850000381469727, 9.90000057220459, 10.050000190734863, 9.300000190734863, 9.25, 9.949999809265137, 8.449999809265137, 10.699999809265137, 9.050000190734863, 10.550000190734863, 9.100000381469727, 9.699999809265137, 9.100000381469727, 10.0, 10.199999809265137], [9.100000381469727, 8.800000190734863, 9.449999809265137, 9.449999809265137, 9.300000190734863, 9.5, 9.050000190734863, 10.0, 8.600000381469727, 8.5, 10.300000190734863, 8.90000057220459, 11.600000381469727, 9.949999809265137, 9.75, 10.300000190734863, 9.550000190734863, 9.550000190734863, 10.550000190734863, 10.800000190734863, 9.300000190734863, 10.350000381469727, 10.65000057220459, 9.40000057220459, 10.199999809265137, 8.75, 9.25, 10.0, 9.5, 9.350000381469727, 9.600000381469727, 9.550000190734863], [9.90000057220459, 10.0, 10.100000381469727, 9.550000190734863, 9.600000381469727, 9.15000057220459, 10.0, 9.90000057220459, 8.850000381469727, 9.800000190734863, 9.75, 9.050000190734863, 10.300000190734863, 9.850000381469727, 10.350000381469727, 9.050000190734863, 10.65000057220459, 11.40000057220459, 10.699999809265137, 9.949999809265137, 8.850000381469727, 10.449999809265137, 10.699999809265137, 10.949999809265137, 9.65000057220459, 9.550000190734863, 9.40000057220459, 9.5, 12.550000190734863, 10.0, 9.199999809265137, 9.5]], "episode_length_max": [[100, 100, 100, 100, 100, 100, 100, 100, 100, 100, 100, 100, 100, 100, 100, 100, 100, 100, 100, 100, 100, 100, 100, 100, 100, 100, 100, 100, 100, 100, 100, 100], [16, 13, 18, 11, 15, 15, 13, 15, 17, 14, 20, 19, 19, 14, 18, 16, 16, 13, 16, 17, 11, 19, 16, 17, 16, 13, 12, 16, 13, 16, 22, 11], [23, 13, 22, 11, 10, 21, 31, 18, 17, 25, 10, 15, 13, 23, 15, 16, 29, 21, 18, 15, 16, 12, 16, 14, 14, 32, 17, 18, 14, 15, 28, 16], [24, 14, 13, 24, 12, 16, 12, 16, 30, 23, 13, 29, 25, 16, 19, 18, 21, 18, 19, 13, 14, 19, 20, 17, 22, 17, 15, 19, 20, 14, 13, 16], [13, 15, 14, 16, 18, 15, 19, 15, 21, 13, 15, 25, 23, 15, 17, 22, 15, 26, 31, 19, 12, 12, 14, 20, 17, 16, 28, 16, 18, 39, 13, 15], [13, 15, 15, 26, 14, 20, 12, 19, 26, 17, 15, 13, 15, 20, 13, 17, 19, 15, 17, 17, 12, 17, 23, 27, 19, 19, 19, 12, 21, 16, 17, 22], [15, 14, 16, 15, 16, 15, 17, 15, 25, 11, 26, 14, 32, 28, 11, 16, 20, 20, 20, 28, 27, 16, 21, 11, 23, 12, 20, 14, 15, 15, 20, 21], [14, 17, 16, 21, 14, 15, 13, 24, 18, 12, 19, 13, 35, 22, 15, 21, 15, 16, 20, 24, 13, 19, 16, 15, 17, 15, 16, 18, 15, 16, 13, 19], [27, 29, 24, 14, 13, 28, 18, 15, 12, 20, 17, 14, 23, 18, 18, 14, 20, 24, 28, 17, 11, 27, 22, 26, 18, 17, 16, 16, 21, 14, 17, 13]], "episode_length_min": [[77, 25, 41, 100, 43, 87, 100, 54, 39, 31, 26, 100, 13, 93, 38, 96, 59, 100, 35, 46, 34, 87, 63, 54, 52, 100, 48, 76, 100, 45, 14, 20], [7, 7, 7, 7, 7, 7, 7, 7, 7, 7, 7, 7, 7, 7, 7, 7, 7, 7, 7, 7, 7, 7, 7, 7, 7, 7, 7, 7, 7, 7, 7, 7], [7, 7, 7, 7, 7, 7, 7, 7, 7, 7, 7, 7, 7, 7, 7, 7, 7, 7, 7, 7, 7, 7, 7, 7, 7, 7, 7, 7, 7, 7, 7, 7], [7, 7, 7, 7, 7, 7, 7, 7, 7, 7, 7, 7, 7, 7, 7, 7, 7, 7, 7, 7, 7, 7, 7, 7, 7, 7, 7, 7, 7, 7, 7, 7], [7, 7, 7, 7, 7, 7, 7, 7, 7, 7, 7, 7, 7, 7, 7, 7, 7, 7, 7, 7, 7, 7, 7, 7, 7, 7, 7, 7, 7, 7, 7, 7], [7, 7, 7, 7, 7, 7, 7, 7, 7, 7, 7, 7, 7, 7, 7, 7, 7, 7, 7, 7, 7, 7, 7, 7, 7, 7, 7, 7, 7, 7, 7, 7], [7, 7, 7, 7, 7, 7, 7, 7, 7, 7, 7, 7, 7, 7, 7, 7, 7, 7, 7, 7, 7, 7, 7, 7, 7, 7, 7, 7, 7, 7, 7, 7], [7, 7, 7, 7, 7, 7, 7, 7, 7, 7, 7, 7, 7, 7, 7, 7, 7, 7, 8, 7, 7, 7, 7, 7, 7, 7, 7, 7, 7, 7, 7, 7], [7, 7, 7, 7, 7, 7, 7, 7, 7, 7, 7, 7, 7, 7, 7, 7, 7, 7, 7, 7, 7, 7, 7, 7, 7, 7, 7, 7, 7, 7, 7, 7]],