{"environment": "navix/Navix-Empty-16x16-v0", "algorithm": "ppo", "num_seeds": 32, "global_seed": 0, "config": {"env": "navix/Navix-Empty-16x16-v0", "agent_kwargs": {"activation": "tanh"}, "num_envs": 16, "num_steps": 128, "num_epochs": 2, "num_minibatches": 1, "learning_rate": 0.0003, "max_grad_norm": 1, "total_timesteps": 1048576, "eval_freq": 262144, "gamma": 0.95, "gae_lambda": 0.9, "clip_eps": 0.2, "ent_coef": 0.01, "vf_coef": 0.5, "normalize_observations": false}, "time/lower": 10.347105988, "time/compile": 18.441078332, "time/process_time": [0.05247818600000187, 4.017018488999998, 7.957310848000002, 11.910583480000003, 15.850155047000005], "step": [0, 262144, 524288, 786432, 1048576], "episode_length": [[100.0, 100.0, 100.0, 100.0, 100.0, 100.0, 100.0, 100.0, 100.0, 100.0, 100.0, 100.0, 100.0, 100.0, 100.0, 100.0, 100.0, 100.0, 100.0, 100.0, 100.0, 100.0, 100.0, 100.0, 100.0, 100.0, 100.0, 100.0, 100.0, 100.0, 100.0, 100.0], [100.0, 88.20000457763672, 100.0, 100.0, 94.30000305175781, 61.900001525878906, 55.650001525878906, 69.80000305175781, 62.85000228881836, 100.0, 100.0, 62.0, 52.60000228881836, 100.0, 60.45000076293945, 100.0, 37.20000076293945, 57.10000228881836, 100.0, 77.95000457763672, 84.5999984741211, 100.0, 100.0, 100.0, 61.400001525878906, 100.0, 100.0, 97.70000457763672, 100.0, 100.0, 100.0, 100.0], [100.0, 34.75, 100.0, 100.0, 30.80000114440918, 29.149999618530273, 28.80000114440918, 27.950000762939453, 35.400001525878906, 100.0, 100.0, 38.60000228881836, 38.400001525878906, 100.0, 31.850000381469727, 100.0, 30.80000114440918, 31.75, 100.0, 27.649999618530273, 34.35000228881836, 100.0, 100.0, 100.0, 31.80000114440918, 99.05000305175781, 100.0, 50.20000076293945, 100.0, 100.0, 100.0, 100.0], [100.0, 27.30000114440918, 100.0, 100.0, 27.30000114440918, 27.0, 27.100000381469727, 27.899999618530273, 27.649999618530273, 100.0, 100.0, 27.100000381469727, 30.700000762939453, 100.0, 27.450000762939453, 100.0, 27.05000114440918, 27.80000114440918, 60.04999923706055, 27.05000114440918, 27.200000762939453, 100.0, 100.0, 100.0, 27.600000381469727, 89.70000457763672, 100.0, 29.80000114440918, 100.0, 55.10000228881836, 100.0, 100.0], [74.75, 30.100000381469727, 100.0, 100.0, 27.100000381469727, 27.100000381469727, 27.30000114440918, 27.100000381469727, 27.149999618530273, 100.0, 100.0, 27.25, 27.149999618530273, 100.0, 27.100000381469727, 100.0, 27.75, 27.05000114440918, 28.850000381469727, 27.05000114440918, 27.0, 100.0, 100.0, 100.0, 27.05000114440918, 34.900001525878906, 100.0, 27.350000381469727, 100.0, 32.45000076293945, 100.0, 100.0]], "episode_length_max": [[100, 100, 100, 100, 100, 100, 100, 100, 100, 100, 100, 100, 100, 100, 100, 100, 100, 100, 100, 100, 100, 100, 100, 100, 100, 100, 100, 100, 100, 100, 100, 100], [100, 100, 100, 100, 100, 100, 100, 100, 100, 100, 100, 100, 100, 100, 100, 100, 80, 100, 100, 100, 100, 100, 100, 100, 100, 100, 100, 100, 100, 100, 100, 100], [100, 100, 100, 100, 61, 58, 33, 33, 97, 100, 100, 100, 100, 100, 100, 100, 58, 100, 100, 30, 62, 100, 100, 100, 67, 100, 100, 100, 100, 100, 100, 100], [100, 29, 100, 100, 29, 27, 29, 32, 29, 100, 100, 28, 100, 100, 31, 100, 28, 30, 100, 28, 28, 100, 100, 100, 30, 100, 100, 44, 100, 100, 100, 100], [100, 47, 100, 100, 28, 28, 29, 28, 28, 100, 100, 30, 29, 100, 29, 100, 30, 28, 34, 28, 27, 100, 100, 100, 28, 100, 100, 29, 100, 100, 100, 100]], "episode_length_min": [[100, 100, 100, 100, 100, 100, 100, 100, 100, 100, 100, 100, 100, 100, 100, 100, 100, 100, 100, 100, 100, 100, 100, 100, 100, 100, 100, 100, 100, 100, 100, 100], [100, 28, 100, 100, 29, 31, 27, 29, 27, 100, 100, 27, 28, 100, 28, 100, 27, 28, 100, 27, 30, 100, 100, 100, 28, 100, 100, 54, 100, 100, 100, 100], [100, 27, 100, 100, 27, 27, 27, 27, 27, 100, 100, 27, 27, 100, 27, 100, 27, 27, 100, 27, 27, 100, 100, 100, 27, 81, 100, 27, 100, 100, 100, 100], [100, 27, 100, 100, 27, 27, 27, 27, 27, 100, 100, 27, 27, 100, 27, 100, 27, 27, 28, 27, 27, 100, 100, 100, 27, 35, 100, 27, 100, 27, 100, 100], [30, 27, 100, 100, 27, 27, 27, 27, 27, 100, 100, 27, 27, 100, 27, 100, 27, 27, 27, 27, 27, 100, 100, 100, 27, 27, 100, 27, 100, 27, 100, 100]], "episode_length_std": [[0.0, 0.0, 0.0, 0.0, 0.0, 0.0, 0.0, 0.0, 0.0, 0.0, 0.0, 0.0, 0.0, 0.0, 0.0, 0.0, 0.0, 0.0, 0.0, 0.0, 0.0, 0.0, 0.0, 0.0, 0.0, 0.0, 0.0, 0.0, 0.0, 0.0, 0.0, 0.0], [0.0, 24.00958251953125, 0.0, 0.0, 16.456302642822266, 31.117361068725586, 30.437273025512695, 29.46116065979004, 32.62403106689453, 0.0, 0.0, 32.67414855957031, 31.273630142211914, 0.0, 32.58906936645508, 0.0, 16.067358016967773, 29.92641258239746, 0.0, 28.316911697387695, 22.867881774902344, 0.0, 0.0, 0.0, 32.690059661865234, 0.0, 0.0, 10.025467872619629, 0.0, 0.0, 0.0, 0.0], [0.0, 15.626500129699707, 0.0, 0.0, 7.284229278564453, 6.665395736694336, 1.8055472373962402, 1.6271138191223145, 17.830873489379883, 0.0, 0.0, 22.05538558959961, 25.888994216918945, 0.0, 15.68844985961914, 0.0, 8.981091499328613, 15.722197532653809, 0.0, 0.8529361486434937, 13.035623550415039, 0.0, 0.0, 0.0, 8.885943412780762, 4.14095401763916, 0.0, 32.69954299926758, 0.0, 0.0, 0.0, 0.0], [0.0, 0.5567764043807983, 0.0, 0.0, 0.6403124928474426, 0.0, 0.4358898103237152, 1.3379085063934326, 0.7921490669250488, 0.0, 0.0, 0.30000001192092896, 15.899998664855957, 0.0, 0.9205976128578186, 0.0, 0.2179449498653412, 1.029563069343567, 31.35359001159668, 0.2179449498653412, 0.3999999463558197, 0.0, 0.0, 0.0, 0.8602325916290283, 20.849699020385742, 0.0, 4.226109027862549, 0.0, 29.54132843017578, 0.0, 0.0], [28.83725929260254, 4.357751846313477, 0.0, 0.0, 0.2999999523162842, 0.29999998211860657, 0.5567764043807983, 0.29999998211860657, 0.3570713996887207, 0.0, 0.0, 0.6982120275497437, 0.4769696295261383, 0.0, 0.4358898401260376, 0.0, 0.9420721530914307, 0.2179449498653412, 1.9817920923233032, 0.21794493496418, 0.0, 0.0, 0.0, 0.0, 0.21794493496418, 21.713821411132812, 0.0, 0.653834879398346, 0.0, 15.663573265075684, 0.0, 0.0]], "return": [[0.0, 0.0, 0.0, 0.0, 0.0, 0.0, 0.0, 0.0, 0.0, 0.0, 0.0, 0.0, 0.0, 0.0, 0.0, 0.0, 0.0, 0.0, 0.0, 0.0, 0.0, 0.0, 0.0, 0.0, 0.0, 0.0, 0.0, 0.0, 0.0, 0.0, 0.0, 0.0], [0.0, 0.20000000298023224, 0.0, 0.0, 0.20000000298023224, 0.6500000357627869, 0.699999988079071, 0.6000000238418579, 0.6000000238418579, 0.0, 0.0, 0.699999988079071, 0.699999988079071, 0.0, 0.6000000238418579, 0.0, 1.0, 0.699999988079071, 0.0, 0.5, 0.4000000059604645, 0.0, 0.0, 0.0, 0.699999988079071, 0.0, 0.0, 0.05000000074505806, 0.0, 0.0, 0.0, 0.0], [0.0, 0.949999988079071, 0.0, 0.0, 1.0, 1.0, 1.0, 1.0, 1.0, 0.0, 0.0, 0.9000000357627869, 0.8500000238418579, 0.0, 0.949999988079071, 0.0, 1.0, 0.949999988079071, 0.0, 1.0, 1.0, 0.0, 0.0, 0.0, 1.0, 0.05000000074505806, 0.0, 0.699999988079071, 0.0, 0.0, 0.0, 0.0], [0.0, 1.0, 0.0, 0.0, 1.0, 1.0, 1.0, 1.0, 1.0, 0.0, 0.0, 1.0, 0.949999988079071, 0.0, 1.0, 0.0, 1.0, 1.0, 0.6500000357627869, 1.0, 1.0, 0.0, 0.0, 0.0, 1.0, 0.25, 0.0, 1.0, 0.0, 0.75, 0.0, 0.0], [0.5, 1.0, 0.0, 0.0, 1.0, 1.0, 1.0, 1.0, 1.0, 0.0, 0.0, 1.0, 1.0, 0.0, 1.0, 0.0, 1.0, 1.0, 1.0, 1.0, 1.0, 0.0, 0.0, 0.0, 1.0, 0.949999988079071, 0.0, 1.0, 0.0, 0.949999988079071, 0.0, 0.0]], "return_max": [[0.0, 0.0, 0.0, 0.0, 0.0, 0.0, 0.0, 0.0, 0.0, 0.0, 0.0, 0.0, 0.0, 0.0, 0.0, 0.0, 0.0, 0.0, 0.0, 0.0, 0.0, 0.0, 0.0, 0.0, 0.0, 0.0, 0.0, 0.0, 0.0, 0.0, 0.0, 0.0], [0.0, 1.0, 0.0, 0.0, 1.0, 1.0, 1.0, 1.0, 1.0, 0.0, 0.0, 1.0, 1.0, 0.0, 1.0, 0.0, 1.0, 1.0, 0.0, 1.0, 1.0, 0.0, 0.0, 0.0, 1.0, 0.0, 0.0, 1.0, 0.0, 0.0, 0.0, 0.0], [0.0, 1.0, 0.0, 0.0, 1.0, 1.0, 1.0, 1.0, 1.0, 0.0, 0.0, 1.0, 1.0, 0.0, 1.0, 0.0, 1.0, 1.0, 0.0, 1.0, 1.0, 0.0, 0.0, 0.0, 1.0, 1.0, 0.0, 1.0, 0.0, 0.0, 0.0, 0.0], [0.0, 1.0, 0.0, 0.0, 1.0, 1.0, 1.0, 1.0, 1.0, 0.0, 0.0, 1.0, 1.0, 0.0, 1.0, 0.0, 1.0, 1.0, 1.0, 1.0, 1.0, 0.0, 0.0, 0.0, 1.0, 1.0, 0.0, 1.0, 0.0, 1.0, 0.0, 0.0], [1.0, 1.0, 0.0, 0.0, 1.0, 1.0, 1.0, 1.0, 1.0, 0.0, 0.0, 1.0, 1.0, 0.0, 1.0, 0.0, 1.0, 1.0, 1.0, 1.0, 1.0, 0.0, 0.0, 0.0, 1.0, 1.0, 0.0, 1.0, 0.0, 1.0, 0.0, 0.0]],