{"environment": "navix/Navix-Empty-16x16-v0", "algorithm": "sac", "num_seeds": 32, "global_seed": 0, "config": {"env": "navix/Navix-Empty-16x16-v0", "agent_kwargs": {"activation": "relu"}, "num_envs": 128, "buffer_size": 131072, "fill_buffer": 8192, "batch_size": 512, "learning_rate": 0.0003, "gradient_steps": 128, "total_timesteps": 1048576, "eval_freq": 131072, "gamma": 0.8, "tau": 0.995, "target_entropy_ratio": 0.5, "normalize_observations": false}, "time/lower": 11.820383084, "time/compile": 18.738320679, "time/process_time": [0.06344188699999975, 150.628909547, 310.118910116, 469.571068261, 629.024109624, 788.4571031659999, 947.924834704, 1107.400392908, 1266.868274977], "step": [0, 131072, 262144, 393216, 524288, 655360, 786432, 917504, 1048576], "episode_length": [[100.0, 100.0, 100.0, 100.0, 100.0, 100.0, 100.0, 100.0, 100.0, 100.0, 100.0, 100.0, 100.0, 100.0, 100.0, 100.0, 100.0, 100.0, 100.0, 99.55000305175781, 100.0, 100.0, 100.0, 100.0, 100.0, 100.0, 100.0, 100.0, 100.0, 100.0, 100.0, 100.0], [100.0, 100.0, 100.0, 100.0, 100.0, 100.0, 100.0, 100.0, 100.0, 100.0, 100.0, 100.0, 81.20000457763672, 100.0, 100.0, 100.0, 100.0, 100.0, 100.0, 100.0, 100.0, 100.0, 100.0, 100.0, 100.0, 100.0, 100.0, 100.0, 100.0, 92.8499984741211, 100.0, 100.0], [100.0, 100.0, 100.0, 100.0, 100.0, 100.0, 100.0, 100.0, 100.0, 100.0, 100.0, 100.0, 87.30000305175781, 100.0, 85.0999984741211, 100.0, 96.80000305175781, 100.0, 100.0, 100.0, 100.0, 100.0, 100.0, 100.0, 100.0, 100.0, 100.0, 100.0, 100.0, 73.8499984741211, 100.0, 100.0], [100.0, 100.0, 100.0, 100.0, 100.0, 100.0, 100.0, 100.0, 100.0, 100.0, 100.0, 100.0, 89.55000305175781, 100.0, 92.1500015258789, 100.0, 90.05000305175781, 100.0, 100.0, 100.0, 100.0, 100.0, 100.0, 100.0, 100.0, 100.0, 100.0, 100.0, 100.0, 99.80000305175781, 100.0, 100.0], [100.0, 100.0, 100.0, 100.0, 100.0, 100.0, 100.0, 100.0, 100.0, 100.0, 100.0, 100.0, 91.95000457763672, 100.0, 91.5, 100.0, 89.70000457763672, 100.0, 100.0, 100.0, 100.0, 100.0, 100.0, 100.0, 100.0, 100.0, 100.0, 100.0, 100.0, 94.25, 100.0, 100.0], [100.0, 100.0, 100.0, 100.0, 100.0, 100.0, 100.0, 100.0, 100.0, 100.0, 100.0, 100.0, 88.9000015258789, 100.0, 93.5, 100.0, 78.8499984741211, 100.0, 100.0, 100.0, 100.0, 100.0, 100.0, 100.0, 100.0, 100.0, 100.0, 100.0, 100.0, 82.5, 100.0, 100.0], [100.0, 100.0, 100.0, 100.0, 100.0, 100.0, 100.0, 100.0, 100.0, 100.0, 100.0, 100.0, 94.95000457763672, 100.0, 93.70000457763672, 100.0, 90.80000305175781, 100.0, 100.0, 100.0, 100.0, 100.0, 100.0, 100.0, 100.0, 100.0, 100.0, 100.0, 100.0, 84.0999984741211, 100.0, 100.0], [100.0, 100.0, 100.0, 100.0, 100.0, 100.0, 100.0, 100.0, 100.0, 100.0, 100.0, 100.0, 80.8499984741211, 100.0, 90.5999984741211, 100.0, 88.6500015258789, 100.0, 100.0, 100.0, 100.0, 100.0, 100.0, 100.0, 100.0, 100.0, 100.0, 100.0, 100.0, 90.5999984741211, 100.0, 100.0], [100.0, 100.0, 100.0, 100.0, 100.0, 100.0, 100.0, 100.0, 100.0, 100.0, 100.0, 100.0, 81.75, 100.0, 87.20000457763672, 100.0, 96.55000305175781, 100.0, 100.0, 100.0, 100.0, 100.0, 100.0, 100.0, 100.0, 100.0, 100.0, 100.0, 100.0, 91.6500015258789, 100.0, 100.0]], "episode_length_max": [[100, 100, 100, 100, 100, 100, 100, 100, 100, 100, 100, 100, 100, 100, 100, 100, 100, 100, 100, 100, 100, 100, 100, 100, 100, 100, 100, 100, 100, 100, 100, 100], [100, 100, 100, 100, 100, 100, 100, 100, 100, 100, 100, 100, 100, 100, 100, 100, 100, 100, 100, 100, 100, 100, 100, 100, 100, 100, 100, 100, 100, 100, 100, 100], [100, 100, 100, 100, 100, 100, 100, 100, 100, 100, 100, 100, 100, 100, 100, 100, 100, 100, 100, 100, 100, 100, 100, 100, 100, 100, 100, 100, 100, 100, 100, 100], [100, 100, 100, 100, 100, 100, 100, 100, 100, 100, 100, 100, 100, 100, 100, 100, 100, 100, 100, 100, 100, 100, 100, 100, 100, 100, 100, 100, 100, 100, 100, 100], [100, 100, 100, 100, 100, 100, 100, 100, 100, 100, 100, 100, 100, 100, 100, 100, 100, 100, 100, 100, 100, 100, 100, 100, 100, 100, 100, 100, 100, 100, 100, 100], [100, 100, 100, 100, 100, 100, 100, 100, 100, 100, 100, 100, 100, 100, 100, 100, 100, 100, 100, 100, 100, 100, 100, 100, 100, 100, 100, 100, 100, 100, 100, 100], [100, 100, 100, 100, 100, 100, 100, 100, 100, 100, 100, 100, 100, 100, 100, 100, 100, 100, 100, 100, 100, 100, 100, 100, 100, 100, 100, 100, 100, 100, 100, 100], [100, 100, 100, 100, 100, 100, 100, 100, 100, 100, 100, 100, 100, 100, 100, 100, 100, 100, 100, 100, 100, 100, 100, 100, 100, 100, 100, 100, 100, 100, 100, 100], [100, 100, 100, 100, 100, 100, 100, 100, 100, 100, 100, 100, 100, 100, 100, 100, 100, 100, 100, 100, 100, 100, 100, 100, 100, 100, 100, 100, 100, 100, 100, 100]], "episode_length_min": [[100, 100, 100, 100, 100, 100, 100, 100, 100, 100, 100, 100, 100, 100, 100, 100, 100, 100, 100, 91, 100, 100, 100, 100, 100, 100, 100, 100, 100, 100, 100, 100], [100, 100, 100, 100, 100, 100, 100, 100, 100, 100, 100, 100, 32, 100, 100, 100, 100, 100, 100, 100, 100, 100, 100, 100, 100, 100, 100, 100, 100, 46, 100, 100], [100, 100, 100, 100, 100, 100, 100, 100, 100, 100, 100, 100, 35, 100, 29, 100, 66, 100, 100, 100, 100, 100, 100, 100, 100, 100, 100, 100, 100, 31, 100, 100], [100, 100, 100, 100, 100, 100, 100, 100, 100, 100, 100, 100, 40, 100, 45, 100, 51, 100, 100, 100, 100, 100, 100, 100, 100, 100, 100, 100, 100, 96, 100, 100], [100, 100, 100, 100, 100, 100, 100, 100, 100, 100, 100, 100, 39, 100, 36, 100, 39, 100, 100, 100, 100, 100, 100, 100, 100, 100, 100, 100, 100, 32, 100, 100], [100, 100, 100, 100, 100, 100, 100, 100, 100, 100, 100, 100, 43, 100, 34, 100, 32, 100, 100, 100, 100, 100, 100, 100, 100, 100, 100, 100, 100, 32, 100, 100], [100, 100, 100, 100, 100, 100, 100, 100, 100, 100, 100, 100, 39, 100, 50, 100, 37, 100, 100, 100, 100, 100, 100, 100, 100, 100, 100, 100, 100, 36, 100, 100], [100, 100, 100, 100, 100, 100, 100, 100, 100, 100, 100, 100, 39, 100, 59, 100, 31, 100, 100, 100, 100, 100, 100, 100, 100, 100, 100, 100, 100, 49, 100, 100], [100, 100, 100, 100, 100, 100, 100, 100, 100, 100, 100, 100, 43, 100, 39, 100, 61, 100, 100, 100, 100, 100, 100, 100, 100, 100, 100, 100, 100, 45, 100, 100]], "episode_length_std": [[0.0, 0.0, 0.0, 0.0, 0.0, 0.0, 0.0, 0.0, 0.0, 0.0, 0.0, 0.0, 0.0, 0.0, 0.0, 0.0, 0.0, 0.0, 0.0, 1.9615048170089722, 0.0, 0.0, 0.0, 0.0, 0.0, 0.0, 0.0, 0.0, 0.0, 0.0, 0.0, 0.0], [0.0, 0.0, 0.0, 0.0, 0.0, 0.0, 0.0, 0.0, 0.0, 0.0, 0.0, 0.0, 25.67995262145996, 0.0, 0.0, 0.0, 0.0, 0.0, 0.0, 0.0, 0.0, 0.0, 0.0, 0.0, 0.0, 0.0, 0.0, 0.0, 0.0, 17.217071533203125, 0.0, 0.0], [0.0, 0.0, 0.0, 0.0, 0.0, 0.0, 0.0, 0.0, 0.0, 0.0, 0.0, 0.0, 22.8737850189209, 0.0, 22.649280548095703, 0.0, 9.620811462402344, 0.0, 0.0, 0.0, 0.0, 0.0, 0.0, 0.0, 0.0, 0.0, 0.0, 0.0, 0.0, 29.86515235900879, 0.0, 0.0], [0.0, 0.0, 0.0, 0.0, 0.0, 0.0, 0.0, 0.0, 0.0, 0.0, 0.0, 0.0, 18.90099334716797, 0.0, 17.808073043823242, 0.0, 16.04205322265625, 0.0, 0.0, 0.0, 0.0, 0.0, 0.0, 0.0, 0.0, 0.0, 0.0, 0.0, 0.0, 0.8717798590660095, 0.0, 0.0], [0.0, 0.0, 0.0, 0.0, 0.0, 0.0, 0.0, 0.0, 0.0, 0.0, 0.0, 0.0, 15.117785453796387, 0.0, 18.161773681640625, 0.0, 19.253829956054688, 0.0, 0.0, 0.0, 0.0, 0.0, 0.0, 0.0, 0.0, 0.0, 0.0, 0.0, 0.0, 16.370325088500977, 0.0, 0.0], [0.0, 0.0, 0.0, 0.0, 0.0, 0.0, 0.0, 0.0, 0.0, 0.0, 0.0, 0.0, 20.119394302368164, 0.0, 17.945751190185547, 0.0, 25.613033294677734, 0.0, 0.0, 0.0, 0.0, 0.0, 0.0, 0.0, 0.0, 0.0, 0.0, 0.0, 0.0, 23.446748733520508, 0.0, 0.0], [0.0, 0.0, 0.0, 0.0, 0.0, 0.0, 0.0, 0.0, 0.0, 0.0, 0.0, 0.0, 14.008835792541504, 0.0, 15.106620788574219, 0.0, 19.62294578552246, 0.0, 0.0, 0.0, 0.0, 0.0, 0.0, 0.0, 0.0, 0.0, 0.0, 0.0, 0.0, 25.033775329589844, 0.0, 0.0], [0.0, 0.0, 0.0, 0.0, 0.0, 0.0, 0.0, 0.0, 0.0, 0.0, 0.0, 0.0, 25.593505859375, 0.0, 16.31686019897461, 0.0, 22.515050888061523, 0.0, 0.0, 0.0, 0.0, 0.0, 0.0, 0.0, 0.0, 0.0, 0.0, 0.0, 0.0, 15.799999237060547, 0.0, 0.0], [0.0, 0.0, 0.0, 0.0, 0.0, 0.0, 0.0, 0.0, 0.0, 0.0, 0.0, 0.0, 22.697742462158203, 0.0, 21.516504287719727, 0.0, 9.394013404846191, 0.0, 0.0, 0.0, 0.0, 0.0, 0.0, 0.0, 0.0, 0.0, 0.0, 0.0, 0.0, 17.43065071105957, 0.0, 0.0]],