{"environment": "navix/Navix-LavaGap-S6-v0", "algorithm": "ppo", "num_seeds": 32, "global_seed": 0, "config": {"env": "navix/Navix-LavaGap-S6-v0", "agent_kwargs": {"activation": "relu"}, "num_envs": 128, "num_steps": 256, "num_epochs": 4, "num_minibatches": 16, "learning_rate": 0.0003, "max_grad_norm": 1, "total_timesteps": 1048576, "eval_freq": 262144, "gamma": 0.99, "gae_lambda": 0.9, "clip_eps": 0.2, "ent_coef": 0.01, "vf_coef": 0.5, "normalize_observations": true}, "time/lower": 12.909805626, "time/compile": 21.056505100000003, "time/process_time": [0.07776949299999814, 1.2069459459999976, 2.3246565970000006, 3.442607833000004, 4.545818920999999], "step": [0, 262144, 524288, 786432, 1048576], "episode_length": [[100.0, 100.0, 100.0, 100.0, 100.0, 100.0, 100.0, 100.0, 100.0, 100.0, 100.0, 100.0, 100.0, 100.0, 100.0, 100.0, 100.0, 100.0, 100.0, 100.0, 100.0, 100.0, 100.0, 100.0, 100.0, 100.0, 100.0, 100.0, 100.0, 100.0, 100.0, 100.0], [25.05000114440918, 30.350000381469727, 31.950000762939453, 17.200000762939453, 17.75, 22.350000381469727, 20.850000381469727, 32.54999923706055, 17.850000381469727, 22.0, 29.950000762939453, 18.100000381469727, 19.700000762939453, 15.25, 23.100000381469727, 16.5, 16.149999618530273, 13.449999809265137, 28.950000762939453, 21.350000381469727, 23.700000762939453, 25.700000762939453, 25.55000114440918, 23.600000381469727, 24.5, 27.0, 29.649999618530273, 19.100000381469727, 19.350000381469727, 18.100000381469727, 19.5, 19.600000381469727], [7.25, 7.400000095367432, 8.65000057220459, 7.400000095367432, 8.050000190734863, 7.900000095367432, 7.400000095367432, 7.650000095367432, 7.050000190734863, 8.199999809265137, 8.449999809265137, 7.550000190734863, 7.700000286102295, 7.099999904632568, 7.950000286102295, 7.900000095367432, 7.450000286102295, 7.400000095367432, 7.700000286102295, 7.200000286102295, 7.650000095367432, 7.300000190734863, 7.849999904632568, 7.400000095367432, 8.15000057220459, 8.050000190734863, 7.450000286102295, 7.550000190734863, 7.599999904632568, 7.300000190734863, 7.450000286102295, 7.450000286102295], [7.150000095367432, 7.099999904632568, 7.0, 7.0, 7.050000190734863, 7.150000095367432, 7.0, 7.25, 7.099999904632568, 7.0, 7.099999904632568, 7.050000190734863, 7.050000190734863, 7.050000190734863, 7.050000190734863, 7.0, 7.0, 7.099999904632568, 7.0, 7.0, 7.0, 7.099999904632568, 7.0, 7.050000190734863, 7.0, 7.0, 7.0, 7.099999904632568, 7.0, 7.0, 7.050000190734863, 7.050000190734863], [7.0, 7.0, 7.0, 7.0, 7.0, 7.0, 7.0, 7.0, 7.0, 7.0, 7.0, 7.0, 7.0, 7.0, 7.0, 7.0, 7.0, 7.0, 7.0, 7.0, 7.0, 7.0, 7.0, 7.0, 7.0, 7.050000190734863, 7.0, 7.0, 7.0, 7.0, 7.0, 7.0]], "episode_length_max": [[100, 100, 100, 100, 100, 100, 100, 100, 100, 100, 100, 100, 100, 100, 100, 100, 100, 100, 100, 100, 100, 100, 100, 100, 100, 100, 100, 100, 100, 100, 100, 100], [43, 69, 92, 34, 34, 42, 50, 89, 40, 60, 64, 46, 36, 32, 44, 37, 37, 28, 56, 47, 55, 48, 57, 62, 53, 100, 65, 43, 39, 35, 31, 45], [8, 9, 16, 9, 11, 11, 10, 10, 8, 10, 18, 10, 10, 8, 13, 12, 13, 9, 11, 8, 15, 9, 14, 9, 12, 15, 10, 10, 12, 9, 9, 9], [9, 8, 7, 7, 8, 9, 7, 11, 8, 7, 8, 8, 8, 8, 8, 7, 7, 8, 7, 7, 7, 9, 7, 8, 7, 7, 7, 8, 7, 7, 8, 8], [7, 7, 7, 7, 7, 7, 7, 7, 7, 7, 7, 7, 7, 7, 7, 7, 7, 7, 7, 7, 7, 7, 7, 7, 7, 8, 7, 7, 7, 7, 7, 7]], "episode_length_min": [[100, 100, 100, 100, 100, 100, 100, 100, 100, 100, 100, 100, 100, 100, 100, 100, 100, 100, 100, 100, 100, 100, 100, 100, 100, 100, 100, 100, 100, 100, 100, 100], [10, 11, 8, 8, 8, 8, 10, 9, 8, 7, 14, 8, 8, 9, 10, 7, 8, 9, 9, 10, 12, 8, 10, 8, 10, 10, 10, 9, 9, 9, 10, 10], [7, 7, 7, 7, 7, 7, 7, 7, 7, 7, 7, 7, 7, 7, 7, 7, 7, 7, 7, 7, 7, 7, 7, 7, 7, 7, 7, 7, 7, 7, 7, 7], [7, 7, 7, 7, 7, 7, 7, 7, 7, 7, 7, 7, 7, 7, 7, 7, 7, 7, 7, 7, 7, 7, 7, 7, 7, 7, 7, 7, 7, 7, 7, 7], [7, 7, 7, 7, 7, 7, 7, 7, 7, 7, 7, 7, 7, 7, 7, 7, 7, 7, 7, 7, 7, 7, 7, 7, 7, 7, 7, 7, 7, 7, 7, 7]], "episode_length_std": [[0.0, 0.0, 0.0, 0.0, 0.0, 0.0, 0.0, 0.0, 0.0, 0.0, 0.0, 0.0, 0.0, 0.0, 0.0, 0.0, 0.0, 0.0, 0.0, 0.0, 0.0, 0.0, 0.0, 0.0, 0.0, 0.0, 0.0, 0.0, 0.0, 0.0, 0.0, 0.0], [10.41861343383789, 17.199636459350586, 22.661588668823242, 6.6528191566467285, 7.272379398345947, 9.88066291809082, 11.472904205322266, 19.86322021484375, 8.79360580444336, 11.282730102539062, 10.777175903320312, 8.478797912597656, 7.817288398742676, 5.290321350097656, 11.01317310333252, 10.097029685974121, 7.498499393463135, 4.620335578918457, 13.256978988647461, 9.69677734375, 10.849424362182617, 13.308267593383789, 13.347190856933594, 14.65059757232666, 13.540679931640625, 22.257583618164062, 16.334856033325195, 9.5231294631958, 9.551308631896973, 8.853812217712402, 6.815423965454102, 9.398935317993164], [0.4330126941204071, 0.583095133304596, 2.688401222229004, 0.5830950736999512, 1.3955286741256714, 1.1789826154708862, 0.7999998927116394, 0.9096702933311462, 0.2179449051618576, 1.0770328044891357, 2.4181604385375977, 0.8046736717224121, 0.8426151275634766, 0.30000001192092896, 1.5644487142562866, 1.3000000715255737, 1.3592275381088257, 0.6633248329162598, 1.053565263748169, 0.4000000059604645, 1.7684739828109741, 0.6403124928474426, 1.5580435991287231, 0.6633248329162598, 1.2359209060668945, 1.8296172618865967, 0.9205976128578186, 0.8645806908607483, 1.1575837135314941, 0.6403124928474426, 0.5894913673400879, 0.6689544320106506], [0.4769695997238159, 0.30000001192092896, 0.0, 0.0, 0.2179449051618576, 0.4769695997238159, 0.0, 0.8874119520187378, 0.30000001192092896, 0.0, 0.30000001192092896, 0.2179449051618576, 0.21794493496418, 0.21794493496418, 0.21794493496418, 0.0, 0.0, 0.30000001192092896, 0.0, 0.0, 0.0, 0.4358898997306824, 0.0, 0.21794493496418, 0.0, 0.0, 0.0, 0.29999998211860657, 0.0, 0.0, 0.2179449200630188, 0.2179449051618576], [0.0, 0.0, 0.0, 0.0, 0.0, 0.0, 0.0, 0.0, 0.0, 0.0, 0.0, 0.0, 0.0, 0.0, 0.0, 0.0, 0.0, 0.0, 0.0, 0.0, 0.0, 0.0, 0.0, 0.0, 0.0, 0.2179449200630188, 0.0, 0.0, 0.0, 0.0, 0.0, 0.0]], "return": [[0.0, 0.0, 0.0, 0.0, 0.0, 0.0, 0.0, 0.0, 0.0, 0.0, 0.0, 0.0, 0.0, 0.0, 0.0, 0.0, 0.0, 0.0, 0.0, 0.0, 0.0, 0.0, 0.0, 0.0, 0.0, 0.0, 0.0, 0.0, 0.0, 0.0, 0.0, 0.0], [1.0, 1.0, 1.0, 1.0, 1.0, 1.0, 1.0, 1.0, 1.0, 1.0, 1.0, 1.0, 1.0, 1.0, 1.0, 1.0, 1.0, 1.0, 1.0, 1.0, 1.0, 1.0, 1.0, 1.0, 1.0, 0.949999988079071, 1.0, 1.0, 1.0, 1.0, 1.0, 1.0], [1.0, 1.0, 1.0, 1.0, 1.0, 1.0, 1.0, 1.0, 1.0, 1.0, 1.0, 1.0, 1.0, 1.0, 1.0, 1.0, 1.0, 1.0, 1.0, 1.0, 1.0, 1.0, 1.0, 1.0, 1.0, 1.0, 1.0, 1.0, 1.0, 1.0, 1.0, 1.0], [1.0, 1.0, 1.0, 1.0, 1.0, 1.0, 1.0, 1.0, 1.0, 1.0, 1.0, 1.0, 1.0, 1.0, 1.0, 1.0, 1.0, 1.0, 1.0, 1.0, 1.0, 1.0, 1.0, 1.0, 1.0, 1.0, 1.0, 1.0, 1.0, 1.0, 1.0, 1.0], [1.0, 1.0, 1.0, 1.0, 1.0, 1.0, 1.0, 1.0, 1.0, 1.0, 1.0, 1.0, 1.0, 1.0, 1.0, 1.0, 1.0, 1.0, 1.0, 1.0, 1.0, 1.0, 1.0, 1.0, 1.0, 1.0, 1.0, 1.0, 1.0, 1.0, 1.0, 1.0]], "return_max": [[0.0, 0.0, 0.0, 0.0, 0.0, 0.0, 0.0, 0.0, 0.0, 0.0, 0.0, 0.0, 0.0, 0.0, 0.0, 0.0, 0.0, 0.0, 0.0, 0.0, 0.0, 0.0, 0.0, 0.0, 0.0, 0.0, 0.0, 0.0, 0.0, 0.0, 0.0, 0.0], [1.0, 1.0, 1.0, 1.0, 1.0, 1.0, 1.0, 1.0, 1.0, 1.0, 1.0, 1.0, 1.0, 1.0, 1.0, 1.0, 1.0, 1.0, 1.0, 1.0, 1.0, 1.0, 1.0, 1.0, 1.0, 1.0, 1.0, 1.0, 1.0, 1.0, 1.0, 1.0], [1.0, 1.0, 1.0, 1.0, 1.0, 1.0, 1.0, 1.0, 1.0, 1.0, 1.0, 1.0, 1.0, 1.0, 1.0, 1.0, 1.0, 1.0, 1.0, 1.0, 1.0, 1.0, 1.0, 1.0, 1.0, 1.0, 1.0, 1.0, 1.0, 1.0, 1.0, 1.0], [1.0, 1.0, 1.0, 1.0, 1.0, 1.0, 1.0, 1.0, 1.0, 1.0, 1.0, 1.0, 1.0, 1.0, 1.0, 1.0, 1.0, 1.0, 1.0, 1.0, 1.0, 1.0, 1.0, 1.0, 1.0, 1.0, 1.0, 1.0, 1.0, 1.0, 1.0, 1.0], [1.0, 1.0, 1.0, 1.0, 1.0, 1.0, 1.0, 1.0, 1.0, 1.0, 1.0, 1.0, 1.0, 1.0, 1.0, 1.0, 1.0, 1.0, 1.0, 1.0, 1.0, 1.0, 1.0, 1.0, 1.0, 1.0, 1.0, 1.0, 1.0, 1.0, 1.0, 1.0]],