{"environment": "navix/Navix-GoToDoor-6x6-v0", "algorithm": "ppo", "num_seeds": 32, "global_seed": 0, "config": {"env": "navix/Navix-GoToDoor-6x6-v0", "agent_kwargs": {"activation": "tanh"}, "num_envs": 16, "num_steps": 128, "num_epochs": 16, "num_minibatches": 8, "learning_rate": 0.0003, "max_grad_norm": 5, "total_timesteps": 1048576, "eval_freq": 262144, "gamma": 0.99, "gae_lambda": 0.99, "clip_eps": 0.2, "ent_coef": 0.01, "vf_coef": 0.5, "normalize_observations": true}, "time/lower": 16.195283093, "time/compile": 23.599554855, "time/process_time": [0.06778245699999985, 10.432414612999999, 20.761626083000003, 31.091017069000003, 41.432103252000005], "step": [0, 262144, 524288, 786432, 1048576], "episode_length": [[78.4000015258789, 83.75, 56.45000076293945, 83.70000457763672, 79.0, 64.80000305175781, 67.1500015258789, 71.4000015258789, 68.5, 56.60000228881836, 55.900001525878906, 81.95000457763672, 87.30000305175781, 69.20000457763672, 80.45000457763672, 60.25, 83.0999984741211, 69.20000457763672, 57.400001525878906, 76.1500015258789, 79.1500015258789, 81.8499984741211, 68.25, 81.5, 81.25, 78.45000457763672, 65.20000457763672, 63.10000228881836, 85.75, 80.75, 76.3499984741211, 76.0999984741211], [13.15000057220459, 15.90000057220459, 15.25, 13.800000190734863, 8.800000190734863, 10.300000190734863, 12.25, 23.450000762939453, 23.649999618530273, 11.449999809265137, 22.55000114440918, 20.75, 13.100000381469727, 13.5, 27.25, 11.15000057220459, 11.300000190734863, 11.15000057220459, 20.05000114440918, 11.5, 15.65000057220459, 18.149999618530273, 17.350000381469727, 11.0, 13.40000057220459, 13.850000381469727, 26.30000114440918, 10.65000057220459, 18.700000762939453, 19.899999618530273, 20.200000762939453, 22.450000762939453], [11.0, 10.300000190734863, 18.100000381469727, 11.600000381469727, 11.600000381469727, 10.40000057220459, 10.600000381469727, 13.199999809265137, 15.25, 9.949999809265137, 19.649999618530273, 10.850000381469727, 9.40000057220459, 10.90000057220459, 11.699999809265137, 11.350000381469727, 9.0, 8.949999809265137, 15.699999809265137, 12.5, 11.40000057220459, 11.050000190734863, 16.100000381469727, 11.199999809265137, 11.75, 9.699999809265137, 19.350000381469727, 10.600000381469727, 12.0, 21.450000762939453, 10.050000190734863, 14.5], [13.40000057220459, 13.800000190734863, 10.600000381469727, 9.800000190734863, 11.350000381469727, 11.25, 11.949999809265137, 11.800000190734863, 13.75, 11.25, 12.300000190734863, 9.65000057220459, 8.90000057220459, 12.600000381469727, 12.15000057220459, 13.050000190734863, 7.950000286102295, 10.100000381469727, 11.699999809265137, 10.0, 12.75, 10.100000381469727, 16.30000114440918, 10.850000381469727, 9.800000190734863, 9.75, 16.0, 9.5, 10.800000190734863, 21.649999618530273, 12.100000381469727, 12.100000381469727], [16.80000114440918, 11.449999809265137, 13.90000057220459, 10.5, 9.800000190734863, 12.050000190734863, 10.699999809265137, 11.0, 13.100000381469727, 9.25, 12.5, 10.449999809265137, 10.949999809265137, 11.800000190734863, 12.050000190734863, 10.699999809265137, 10.449999809265137, 12.5, 18.450000762939453, 11.600000381469727, 13.050000190734863, 9.550000190734863, 11.75, 12.100000381469727, 12.75, 9.949999809265137, 12.350000381469727, 9.90000057220459, 12.5, 16.80000114440918, 15.350000381469727, 11.75]], "episode_length_max": [[100, 100, 100, 100, 100, 100, 100, 100, 100, 100, 100, 100, 100, 100, 100, 100, 100, 100, 100, 100, 100, 100, 100, 100, 100, 100, 100, 100, 100, 100, 100, 100], [32, 43, 29, 38, 21, 21, 26, 85, 79, 21, 100, 94, 35, 23, 79, 24, 22, 24, 69, 21, 67, 62, 57, 17, 32, 40, 62, 25, 64, 53, 95, 100], [27, 21, 51, 20, 20, 22, 21, 20, 100, 18, 57, 28, 21, 23, 51, 17, 20, 18, 63, 23, 26, 34, 37, 20, 22, 17, 40, 20, 38, 83, 18, 32], [42, 32, 24, 18, 19, 20, 32, 20, 38, 21, 36, 24, 18, 22, 22, 20, 20, 21, 31, 22, 38, 20, 36, 23, 25, 19, 43, 17, 37, 96, 23, 29], [62, 23, 34, 20, 20, 20, 20, 20, 29, 16, 69, 19, 19, 26, 22, 20, 20, 21, 47, 19, 35, 18, 27, 19, 21, 20, 59, 24, 45, 43, 84, 23]], "episode_length_min": [[6, 3, 1, 5, 1, 1, 3, 1, 1, 1, 1, 21, 22, 3, 6, 1, 1, 1, 1, 16, 4, 1, 1, 3, 13, 13, 5, 2, 24, 8, 1, 6], [1, 2, 5, 1, 1, 2, 3, 1, 1, 1, 1, 1, 3, 1, 2, 1, 2, 4, 2, 4, 1, 2, 2, 1, 4, 2, 2, 1, 3, 1, 3, 1], [1, 1, 6, 1, 1, 2, 1, 4, 2, 2, 1, 1, 1, 1, 2, 3, 1, 4, 1, 2, 3, 1, 1, 1, 2, 1, 2, 3, 1, 4, 1, 5], [1, 1, 1, 1, 1, 2, 1, 1, 1, 1, 3, 1, 1, 3, 2, 2, 1, 1, 1, 1, 1, 1, 2, 1, 1, 1, 4, 3, 1, 3, 1, 1], [1, 1, 1, 1, 2, 2, 3, 2, 2, 2, 1, 2, 2, 1, 2, 1, 1, 1, 3, 4, 1, 1, 2, 5, 2, 1, 1, 1, 2, 1, 1, 1]], "episode_length_std": [[33.67848205566406, 29.6207275390625, 41.122344970703125, 30.87895393371582, 33.7564811706543, 38.276100158691406, 39.533878326416016, 39.58837890625, 40.15657043457031, 42.02903366088867, 41.07298278808594, 28.52801513671875, 23.73626136779785, 37.80952072143555, 31.139163970947266, 43.194759368896484, 31.02241325378418, 41.03364562988281, 44.397525787353516, 33.22239303588867, 34.953216552734375, 35.696319580078125, 36.75442123413086, 33.4028434753418, 31.53549575805664, 34.13279342651367, 38.43513870239258, 41.799400329589844, 25.649316787719727, 29.20081329345703, 35.614990234375, 32.135498046875], [8.451478004455566, 10.755928039550781, 6.495190620422363, 10.46709156036377, 6.13677453994751, 5.908468246459961, 6.057020664215088, 25.669971466064453, 19.586410522460938, 6.143899917602539, 23.63995361328125, 24.786842346191406, 8.642337799072266, 6.037383556365967, 21.64457130432129, 6.732570171356201, 6.0340704917907715, 5.443115234375, 17.842296600341797, 5.757603645324707, 16.199613571166992, 14.199559211730957, 14.471611022949219, 4.277850151062012, 8.16333293914795, 8.74799919128418, 16.85852813720703, 7.471779823303223, 17.581523895263672, 14.67617130279541, 20.136037826538086, 26.656097412109375], [8.871302604675293, 6.863672256469727, 11.549459457397461, 5.342283725738525, 5.093132972717285, 6.374950885772705, 6.537583827972412, 4.456456184387207, 21.549652099609375, 5.426555633544922, 16.171812057495117, 8.296234130859375, 5.053711414337158, 6.339558124542236, 10.378342628479004, 3.9150350093841553, 5.932958602905273, 4.295055389404297, 13.939512252807617, 6.152235507965088, 6.452906608581543, 8.680294036865234, 9.09890079498291, 4.955804347991943, 6.057020664215088, 4.33704948425293, 12.382548332214355, 4.882622241973877, 9.327378273010254, 21.88715171813965, 5.152426242828369, 7.010705947875977], [11.010904312133789, 6.79411506652832, 7.459222316741943, 5.714892864227295, 5.729528903961182, 5.8212971687316895, 6.880951404571533, 4.589117527008057, 9.438617706298828, 6.323566913604736, 9.279547691345215, 6.784357070922852, 4.836320877075195, 5.276362419128418, 5.977248668670654, 5.295989513397217, 5.69627046585083, 5.575840473175049, 8.149232864379883, 5.310367107391357, 9.169923782348633, 6.956292152404785, 9.803569793701172, 5.7643303871154785, 6.32139253616333, 4.988737106323242, 9.803060531616211, 4.387482166290283, 9.058697700500488, 19.357877731323242, 6.920260429382324, 7.327345848083496], [14.891608238220215, 7.392394542694092, 9.093403816223145, 5.527205467224121, 5.278257846832275, 5.01472806930542, 5.754128456115723, 5.338539123535156, 7.313685894012451, 5.058408737182617, 14.961617469787598, 4.821566104888916, 5.563047885894775, 7.788452625274658, 5.962172031402588, 5.523586273193359, 5.869199275970459, 5.435991287231445, 11.685354232788086, 4.420406818389893, 9.281567573547363, 5.3429856300354, 7.020505905151367, 4.908156394958496, 5.940328598022461, 6.704289436340332, 12.838517189025879, 6.2281622886657715, 9.29246997833252, 11.474320411682129, 17.1909122467041, 6.139014720916748]],