{"environment": "navix/Navix-DistShift2-v0", "algorithm": "sac", "num_seeds": 32, "global_seed": 0, "config": {"env": "navix/Navix-DistShift2-v0", "agent_kwargs": {"activation": "swish"}, "num_envs": 128, "buffer_size": 131072, "fill_buffer": 8192, "batch_size": 256, "learning_rate": 0.0003, "gradient_steps": 128, "total_timesteps": 1048576, "eval_freq": 131072, "gamma": 0.8, "tau": 0.9, "target_entropy_ratio": 0.6, "normalize_observations": true}, "time/lower": 14.593795249000003, "time/compile": 25.794432725999997, "time/process_time": [0.06396639100000101, 82.611179227, 170.372106848, 258.162775378, 345.92925456899997, 433.68528957499996, 521.450143482, 609.2419220630001, 697.0311635720001], "step": [0, 131072, 262144, 393216, 524288, 655360, 786432, 917504, 1048576], "episode_length": [[100.0, 100.0, 100.0, 100.0, 100.0, 100.0, 100.0, 100.0, 100.0, 100.0, 100.0, 100.0, 100.0, 100.0, 100.0, 100.0, 100.0, 100.0, 100.0, 100.0, 100.0, 100.0, 100.0, 100.0, 100.0, 100.0, 100.0, 100.0, 100.0, 100.0, 100.0, 100.0], [8.199999809265137, 100.0, 8.90000057220459, 11.050000190734863, 8.350000381469727, 8.199999809265137, 11.949999809265137, 100.0, 12.199999809265137, 7.800000190734863, 9.350000381469727, 7.599999904632568, 8.800000190734863, 8.75, 13.350000381469727, 9.850000381469727, 8.699999809265137, 8.75, 100.0, 9.25, 7.800000190734863, 10.600000381469727, 11.600000381469727, 8.90000057220459, 12.350000381469727, 9.15000057220459, 6.900000095367432, 8.800000190734863, 9.90000057220459, 7.849999904632568, 8.90000057220459, 7.700000286102295], [10.25, 100.0, 9.050000190734863, 7.599999904632568, 8.15000057220459, 8.949999809265137, 10.25, 100.0, 9.25, 9.25, 9.25, 7.349999904632568, 10.600000381469727, 12.850000381469727, 7.650000095367432, 8.25, 14.5, 16.350000381469727, 100.0, 9.550000190734863, 9.850000381469727, 7.450000286102295, 13.40000057220459, 17.450000762939453, 17.149999618530273, 9.350000381469727, 9.199999809265137, 10.100000381469727, 9.100000381469727, 9.75, 10.850000381469727, 12.800000190734863], [13.15000057220459, 100.0, 11.0, 10.699999809265137, 8.449999809265137, 7.599999904632568, 7.599999904632568, 100.0, 11.90000057220459, 11.800000190734863, 8.25, 12.15000057220459, 9.949999809265137, 8.050000190734863, 10.5, 7.75, 17.350000381469727, 9.100000381469727, 100.0, 8.90000057220459, 8.100000381469727, 8.350000381469727, 8.350000381469727, 8.25, 10.100000381469727, 9.850000381469727, 8.0, 13.40000057220459, 8.90000057220459, 12.600000381469727, 12.15000057220459, 8.5], [9.90000057220459, 100.0, 12.850000381469727, 15.0, 9.850000381469727, 9.300000190734863, 10.800000190734863, 100.0, 10.800000190734863, 9.600000381469727, 12.050000190734863, 10.75, 9.65000057220459, 7.900000095367432, 8.5, 13.15000057220459, 8.449999809265137, 7.75, 100.0, 7.900000095367432, 7.900000095367432, 8.050000190734863, 8.800000190734863, 13.850000381469727, 10.0, 11.800000190734863, 9.800000190734863, 11.90000057220459, 8.699999809265137, 11.65000057220459, 13.550000190734863, 9.300000190734863], [8.5, 100.0, 8.75, 11.300000190734863, 7.950000286102295, 14.75, 8.0, 100.0, 11.550000190734863, 13.050000190734863, 8.350000381469727, 9.850000381469727, 9.0, 8.449999809265137, 8.199999809265137, 8.800000190734863, 9.449999809265137, 9.25, 100.0, 12.050000190734863, 8.90000057220459, 13.600000381469727, 18.5, 8.90000057220459, 8.65000057220459, 9.300000190734863, 11.449999809265137, 10.100000381469727, 10.40000057220459, 8.600000381469727, 9.199999809265137, 10.0], [10.449999809265137, 100.0, 9.449999809265137, 9.0, 8.300000190734863, 8.600000381469727, 8.350000381469727, 100.0, 10.75, 8.350000381469727, 11.5, 10.25, 10.050000190734863, 8.75, 10.699999809265137, 10.0, 13.600000381469727, 15.65000057220459, 100.0, 9.100000381469727, 10.550000190734863, 16.25, 10.050000190734863, 7.700000286102295, 10.90000057220459, 9.350000381469727, 10.40000057220459, 9.15000057220459, 12.699999809265137, 8.600000381469727, 9.5, 8.600000381469727], [9.90000057220459, 100.0, 10.949999809265137, 8.199999809265137, 9.40000057220459, 8.600000381469727, 13.5, 100.0, 7.950000286102295, 10.100000381469727, 9.65000057220459, 9.600000381469727, 10.5, 11.949999809265137, 12.25, 11.40000057220459, 10.0, 9.699999809265137, 100.0, 11.300000190734863, 13.350000381469727, 12.15000057220459, 14.050000190734863, 12.949999809265137, 8.949999809265137, 10.25, 8.5, 10.0, 11.449999809265137, 10.699999809265137, 11.050000190734863, 8.949999809265137], [10.0, 100.0, 10.850000381469727, 8.15000057220459, 8.300000190734863, 7.75, 8.90000057220459, 100.0, 8.0, 16.700000762939453, 9.600000381469727, 8.0, 10.050000190734863, 8.40000057220459, 13.15000057220459, 9.550000190734863, 9.90000057220459, 13.25, 100.0, 10.100000381469727, 7.75, 10.350000381469727, 12.75, 10.0, 10.90000057220459, 8.550000190734863, 8.25, 9.050000190734863, 11.300000190734863, 9.300000190734863, 9.350000381469727, 10.40000057220459]], "episode_length_max": [[100, 100, 100, 100, 100, 100, 100, 100, 100, 100, 100, 100, 100, 100, 100, 100, 100, 100, 100, 100, 100, 100, 100, 100, 100, 100, 100, 100, 100, 100, 100, 100], [17, 100, 17, 42, 13, 21, 68, 100, 89, 14, 22, 19, 20, 31, 100, 50, 15, 20, 100, 19, 14, 24, 60, 23, 100, 22, 11, 15, 41, 13, 21, 10], [37, 100, 15, 11, 19, 20, 30, 100, 21, 23, 35, 14, 56, 100, 15, 14, 100, 100, 100, 31, 52, 11, 100, 100, 100, 31, 22, 43, 24, 32, 32, 100], [100, 100, 49, 32, 15, 12, 10, 100, 29, 53, 13, 69, 24, 17, 28, 12, 100, 31, 100, 13, 13, 15, 21, 25, 25, 17, 14, 73, 19, 69, 41, 14], [26, 100, 100, 100, 25, 26, 48, 100, 26, 46, 85, 24, 33, 12, 19, 79, 14, 13, 100, 18, 11, 20, 16, 100, 36, 54, 31, 35, 16, 81, 82, 22], [30, 100, 20, 43, 14, 80, 17, 100, 30, 100, 18, 29, 31, 19, 13, 17, 31, 24, 100, 45, 35, 65, 100, 22, 18, 24, 40, 31, 73, 25, 18, 26], [29, 100, 24, 23, 15, 13, 16, 100, 25, 19, 67, 41, 41, 30, 58, 34, 100, 100, 100, 25, 75, 100, 26, 17, 26, 36, 32, 30, 66, 16, 33, 17], [50, 100, 56, 17, 25, 19, 100, 100, 17, 51, 18, 41, 37, 43, 53, 33, 30, 27, 100, 42, 67, 57, 100, 97, 16, 62, 15, 33, 65, 45, 32, 26], [31, 100, 28, 13, 13, 16, 17, 100, 12, 100, 25, 14, 30, 12, 100, 45, 23, 60, 100, 28, 12, 31, 61, 21, 31, 17, 15, 16, 20, 14, 21, 37]], "episode_length_min": [[100, 100, 100, 100, 100, 100, 100, 100, 100, 100, 100, 100, 100, 100, 100, 100, 100, 100, 100, 100, 100, 100, 100, 100, 100, 100, 100, 100, 100, 100, 100, 100], [6, 100, 6, 6, 6, 6, 6, 100, 6, 6, 6, 6, 6, 6, 6, 6, 6, 6, 100, 6, 6, 6, 7, 6, 6, 6, 6, 6, 6, 6, 6, 6], [6, 100, 6, 6, 6, 6, 6, 100, 6, 6, 6, 6, 6, 6, 6, 6, 6, 6, 100, 6, 6, 6, 6, 6, 6, 6, 6, 6, 6, 6, 6, 6], [6, 100, 6, 6, 6, 6, 6, 100, 6, 6, 6, 6, 6, 6, 6, 6, 6, 6, 100, 6, 6, 6, 6, 6, 6, 6, 6, 6, 6, 6, 6, 6], [6, 100, 6, 6, 6, 6, 6, 100, 6, 6, 6, 6, 6, 6, 6, 6, 6, 6, 100, 6, 6, 6, 6, 6, 6, 6, 6, 6, 6, 6, 6, 6], [6, 100, 6, 6, 6, 6, 6, 100, 6, 6, 6, 6, 6, 6, 6, 6, 6, 6, 100, 6, 6, 6, 6, 6, 6, 6, 6, 6, 6, 6, 6, 6], [6, 100, 6, 6, 6, 6, 6, 100, 6, 6, 6, 6, 6, 6, 6, 6, 6, 6, 100, 6, 6, 6, 6, 6, 6, 6, 6, 6, 6, 6, 6, 6], [6, 100, 6, 6, 6, 6, 7, 100, 6, 6, 6, 6, 6, 6, 6, 6, 6, 6, 100, 6, 6, 6, 6, 6, 6, 6, 6, 6, 6, 6, 6, 6], [6, 100, 6, 6, 6, 6, 6, 100, 6, 6, 6, 6, 6, 6, 6, 6, 6, 6, 100, 6, 6, 6, 6, 6, 6, 6, 6, 6, 6, 6, 6, 6]],