{"environment": "navix/Navix-Crossings-S9N1-v0", "algorithm": "ppo", "num_seeds": 32, "global_seed": 0, "config": {"env": "navix/Navix-Crossings-S9N1-v0", "agent_kwargs": {"activation": "swish"}, "num_envs": 32, "num_steps": 16, "num_epochs": 8, "num_minibatches": 64, "learning_rate": 0.0003, "max_grad_norm": 1, "total_timesteps": 1048576, "eval_freq": 262144, "gamma": 0.99, "gae_lambda": 0.8, "clip_eps": 0.2, "ent_coef": 0.01, "vf_coef": 0.5, "normalize_observations": false}, "time/lower": 20.508976143, "time/compile": 36.50184801, "time/process_time": [0.09766635100000087, 63.594329423000005, 127.07778291300001, 190.527355284, 253.990603449], "step": [0, 262144, 524288, 786432, 1048576], "episode_length": [[100.0, 100.0, 100.0, 100.0, 100.0, 100.0, 100.0, 100.0, 97.3499984741211, 100.0, 100.0, 100.0, 100.0, 99.05000305175781, 100.0, 98.9000015258789, 96.4000015258789, 100.0, 100.0, 91.0999984741211, 100.0, 100.0, 99.5999984741211, 100.0, 100.0, 98.75, 100.0, 99.9000015258789, 99.80000305175781, 97.25, 100.0, 100.0], [15.449999809265137, 45.25, 85.55000305175781, 22.200000762939453, 40.04999923706055, 28.350000381469727, 29.899999618530273, 25.399999618530273, 24.05000114440918, 37.75, 35.10000228881836, 30.850000381469727, 15.0, 25.25, 79.6500015258789, 46.75, 57.54999923706055, 18.600000381469727, 17.05000114440918, 30.899999618530273, 27.25, 14.949999809265137, 54.35000228881836, 17.600000381469727, 36.45000076293945, 35.10000228881836, 39.75, 35.5, 55.70000076293945, 28.350000381469727, 27.55000114440918, 43.70000076293945], [15.5, 13.800000190734863, 13.699999809265137, 17.899999618530273, 13.350000381469727, 27.399999618530273, 27.450000762939453, 14.40000057220459, 28.600000381469727, 23.05000114440918, 17.30000114440918, 22.05000114440918, 27.950000762939453, 26.0, 22.700000762939453, 17.899999618530273, 16.80000114440918, 17.30000114440918, 31.450000762939453, 23.149999618530273, 25.850000381469727, 19.399999618530273, 27.850000381469727, 14.15000057220459, 18.700000762939453, 15.350000381469727, 14.850000381469727, 21.450000762939453, 15.449999809265137, 21.950000762939453, 16.55000114440918, 30.5], [14.0, 15.25, 24.0, 25.55000114440918, 21.05000114440918, 15.15000057220459, 15.550000190734863, 24.850000381469727, 19.450000762939453, 14.40000057220459, 49.0, 14.199999809265137, 21.0, 17.55000114440918, 17.700000762939453, 17.899999618530273, 21.850000381469727, 18.200000762939453, 17.399999618530273, 13.550000190734863, 13.800000190734863, 18.350000381469727, 18.5, 14.300000190734863, 13.5, 14.050000190734863, 14.25, 17.350000381469727, 23.149999618530273, 28.200000762939453, 17.850000381469727, 22.75], [14.850000381469727, 14.050000190734863, 14.600000381469727, 15.850000381469727, 26.5, 15.600000381469727, 14.65000057220459, 23.75, 26.75, 21.950000762939453, 13.600000381469727, 23.600000381469727, 15.100000381469727, 21.30000114440918, 19.649999618530273, 14.300000190734863, 13.40000057220459, 24.25, 38.29999923706055, 15.199999809265137, 19.05000114440918, 13.350000381469727, 18.850000381469727, 14.100000381469727, 18.55000114440918, 22.200000762939453, 19.850000381469727, 19.899999618530273, 14.75, 14.300000190734863, 25.649999618530273, 18.899999618530273]], "episode_length_max": [[100, 100, 100, 100, 100, 100, 100, 100, 100, 100, 100, 100, 100, 100, 100, 100, 100, 100, 100, 100, 100, 100, 100, 100, 100, 100, 100, 100, 100, 100, 100, 100], [38, 100, 100, 98, 100, 100, 100, 100, 100, 100, 100, 100, 27, 100, 100, 100, 100, 100, 68, 89, 100, 26, 100, 41, 100, 100, 100, 100, 100, 100, 100, 100], [41, 25, 26, 100, 14, 100, 100, 18, 100, 100, 54, 52, 100, 100, 80, 100, 51, 69, 100, 100, 86, 49, 100, 30, 100, 24, 22, 100, 45, 100, 43, 100], [20, 31, 100, 100, 100, 29, 29, 100, 100, 17, 100, 21, 66, 100, 100, 100, 100, 100, 100, 16, 19, 56, 100, 21, 17, 29, 21, 100, 100, 77, 100, 100], [27, 18, 32, 36, 100, 60, 29, 100, 100, 100, 18, 84, 43, 100, 100, 19, 16, 100, 100, 39, 100, 16, 100, 23, 100, 100, 100, 100, 34, 18, 100, 100]], "episode_length_min": [[100, 100, 100, 100, 100, 100, 100, 100, 65, 100, 100, 100, 100, 81, 100, 87, 62, 100, 100, 49, 100, 100, 92, 100, 100, 75, 100, 98, 96, 60, 100, 100], [13, 13, 15, 13, 13, 13, 13, 14, 13, 13, 13, 13, 13, 13, 21, 13, 13, 13, 13, 13, 13, 13, 14, 13, 13, 14, 13, 13, 13, 13, 13, 13], [13, 13, 13, 13, 13, 13, 13, 13, 13, 13, 13, 13, 13, 13, 13, 13, 13, 13, 13, 13, 13, 13, 13, 13, 13, 13, 13, 13, 13, 13, 13, 13], [13, 13, 13, 13, 13, 13, 13, 13, 13, 13, 13, 13, 13, 13, 13, 13, 13, 13, 13, 13, 13, 13, 13, 13, 13, 13, 13, 13, 13, 14, 13, 13], [13, 13, 13, 13, 13, 13, 13, 13, 13, 13, 13, 13, 13, 13, 13, 13, 13, 13, 13, 13, 13, 13, 13, 13, 13, 13, 13, 13, 13, 13, 13, 13]], "episode_length_std": [[0.0, 0.0, 0.0, 0.0, 0.0, 0.0, 0.0, 0.0, 8.392107009887695, 0.0, 0.0, 0.0, 0.0, 4.14095401763916, 0.0, 3.3600594997406006, 10.818501472473145, 0.0, 0.0, 18.201374053955078, 0.0, 0.0, 1.74355947971344, 0.0, 0.0, 5.4486236572265625, 0.0, 0.4358898997306824, 0.8717798590660095, 9.148087501525879, 0.0, 0.0], [6.086665153503418, 40.51774215698242, 29.516904830932617, 20.73788833618164, 36.0173225402832, 29.01426124572754, 25.514507293701172, 25.279239654541016, 26.611040115356445, 36.00954818725586, 37.48052978515625, 30.72991371154785, 3.7947332859039307, 25.105527877807617, 29.548730850219727, 30.753658294677734, 42.63856887817383, 19.032602310180664, 11.972782135009766, 21.059202194213867, 26.953432083129883, 3.787809371948242, 29.334747314453125, 8.315047264099121, 36.62031173706055, 34.471580505371094, 39.48021697998047, 32.88692855834961, 40.43896484375, 28.048662185668945, 28.4560604095459, 37.07978057861328], [6.04565954208374, 2.5999996662139893, 2.8301947116851807, 18.84913444519043, 0.4769695997238159, 27.23674201965332, 28.050804138183594, 1.3190906047821045, 27.77301025390625, 25.831132888793945, 9.301074028015137, 13.238107681274414, 25.87368392944336, 25.812786102294922, 16.492725372314453, 18.85708999633789, 9.293007850646973, 13.225353240966797, 34.40272521972656, 24.656187057495117, 20.435935974121094, 11.425409317016602, 30.073701858520508, 3.691545009613037, 18.772586822509766, 3.05409574508667, 2.632014513015747, 21.59276580810547, 6.938839435577393, 21.14822769165039, 7.3448967933654785, 28.5], [2.024845600128174, 4.815340042114258, 27.151426315307617, 24.1505184173584, 20.674806594848633, 4.015905380249023, 4.779905796051025, 25.877164840698242, 18.7015380859375, 1.3564659357070923, 41.662933349609375, 2.014944314956665, 15.8240327835083, 18.91950225830078, 18.886768341064453, 18.851789474487305, 25.724063873291016, 18.808509826660156, 18.950986862182617, 0.8046736717224121, 1.3266499042510986, 11.15919017791748, 18.908992767333984, 1.7635191679000854, 0.9219544529914856, 3.456515312194824, 2.0463380813598633, 18.96120834350586, 26.178760528564453, 19.838346481323242, 18.86073875427246, 20.513105392456055], [3.1980464458465576, 1.0712144374847412, 4.211887836456299, 6.597537040710449, 24.165058135986328, 10.195096969604492, 4.475209712982178, 25.67854118347168, 27.376768112182617, 26.03166389465332, 1.1575837135314941, 20.10572052001953, 6.425729751586914, 19.96021270751953, 18.84748077392578, 1.9773719310760498, 0.7348469495773315, 21.089984893798828, 33.75514602661133, 5.714892864227295, 18.690839767456055, 0.7262919545173645, 18.706350326538086, 2.1656408309936523, 19.132368087768555, 19.70939064025879, 18.839519500732422, 20.11939239501953, 4.581211566925049, 1.3453624248504639, 26.631324768066406, 18.89417839050293]],