{"environment": "navix/Navix-Crossings-S9N1-v0", "algorithm": "sac", "num_seeds": 32, "global_seed": 0, "config": {"env": "navix/Navix-Crossings-S9N1-v0", "agent_kwargs": {"activation": "tanh"}, "num_envs": 128, "buffer_size": 131072, "fill_buffer": 8192, "batch_size": 512, "learning_rate": 0.0003, "gradient_steps": 128, "total_timesteps": 1048576, "eval_freq": 131072, "gamma": 0.9, "tau": 0.95, "target_entropy_ratio": 0.4, "normalize_observations": false}, "time/lower": 18.720443475999996, "time/compile": 36.81328786900001, "time/process_time": [0.10713050400000412, 118.520247732, 244.42872648199997, 370.42790671700004, 496.48154515100003, 622.4382366169999, 748.480506643, 874.4574941789999, 1000.407866514], "step": [0, 131072, 262144, 393216, 524288, 655360, 786432, 917504, 1048576], "episode_length": [[100.0, 100.0, 100.0, 98.1500015258789, 100.0, 100.0, 100.0, 100.0, 97.70000457763672, 100.0, 100.0, 100.0, 100.0, 98.20000457763672, 100.0, 100.0, 100.0, 100.0, 100.0, 100.0, 100.0, 100.0, 99.75, 100.0, 100.0, 100.0, 100.0, 100.0, 100.0, 100.0, 100.0, 100.0], [100.0, 100.0, 100.0, 100.0, 100.0, 100.0, 100.0, 100.0, 100.0, 100.0, 100.0, 100.0, 100.0, 100.0, 100.0, 100.0, 100.0, 100.0, 87.1500015258789, 100.0, 100.0, 100.0, 100.0, 100.0, 100.0, 100.0, 100.0, 100.0, 100.0, 100.0, 100.0, 100.0], [100.0, 100.0, 100.0, 100.0, 100.0, 100.0, 100.0, 100.0, 100.0, 100.0, 100.0, 100.0, 100.0, 100.0, 100.0, 100.0, 86.95000457763672, 100.0, 78.25, 100.0, 100.0, 100.0, 95.6500015258789, 100.0, 86.95000457763672, 100.0, 100.0, 100.0, 100.0, 100.0, 100.0, 100.0], [99.9000015258789, 100.0, 100.0, 100.0, 95.6500015258789, 100.0, 100.0, 100.0, 100.0, 100.0, 86.95000457763672, 100.0, 100.0, 100.0, 100.0, 100.0, 86.95000457763672, 100.0, 26.05000114440918, 100.0, 82.5999984741211, 100.0, 69.55000305175781, 100.0, 95.6500015258789, 86.95000457763672, 100.0, 100.0, 100.0, 95.6500015258789, 89.5999984741211, 100.0], [100.0, 100.0, 100.0, 100.0, 30.399999618530273, 100.0, 100.0, 100.0, 100.0, 84.75, 65.20000457763672, 100.0, 100.0, 100.0, 100.0, 30.399999618530273, 86.95000457763672, 100.0, 34.75, 100.0, 52.150001525878906, 100.0, 41.70000076293945, 100.0, 60.85000228881836, 85.0999984741211, 100.0, 100.0, 100.0, 52.150001525878906, 100.0, 100.0], [100.0, 100.0, 100.0, 100.0, 27.700000762939453, 100.0, 100.0, 100.0, 100.0, 60.85000228881836, 21.700000762939453, 100.0, 100.0, 100.0, 100.0, 30.399999618530273, 73.9000015258789, 100.0, 26.05000114440918, 100.0, 47.79999923706055, 100.0, 34.75, 100.0, 43.45000076293945, 73.9000015258789, 100.0, 100.0, 100.0, 34.75, 100.0, 100.0], [100.0, 100.0, 100.0, 100.0, 17.450000762939453, 100.0, 100.0, 100.0, 100.0, 39.10000228881836, 26.05000114440918, 100.0, 100.0, 100.0, 100.0, 21.700000762939453, 78.25, 100.0, 39.10000228881836, 100.0, 52.150001525878906, 100.0, 17.649999618530273, 100.0, 52.150001525878906, 65.20000457763672, 100.0, 100.0, 100.0, 51.5, 100.0, 100.0], [100.0, 100.0, 100.0, 100.0, 20.200000762939453, 100.0, 100.0, 100.0, 100.0, 60.85000228881836, 21.700000762939453, 100.0, 100.0, 100.0, 100.0, 30.399999618530273, 78.25, 100.0, 52.150001525878906, 100.0, 60.85000228881836, 100.0, 14.65000057220459, 100.0, 34.75, 47.79999923706055, 100.0, 100.0, 100.0, 32.25, 100.0, 100.0], [100.0, 100.0, 100.0, 100.0, 17.55000114440918, 100.0, 100.0, 100.0, 100.0, 52.150001525878906, 21.700000762939453, 100.0, 100.0, 100.0, 100.0, 26.05000114440918, 17.350000381469727, 100.0, 39.10000228881836, 100.0, 43.45000076293945, 100.0, 14.5, 100.0, 30.399999618530273, 39.10000228881836, 100.0, 100.0, 100.0, 13.0, 100.0, 100.0]], "episode_length_max": [[100, 100, 100, 100, 100, 100, 100, 100, 100, 100, 100, 100, 100, 100, 100, 100, 100, 100, 100, 100, 100, 100, 100, 100, 100, 100, 100, 100, 100, 100, 100, 100], [100, 100, 100, 100, 100, 100, 100, 100, 100, 100, 100, 100, 100, 100, 100, 100, 100, 100, 100, 100, 100, 100, 100, 100, 100, 100, 100, 100, 100, 100, 100, 100], [100, 100, 100, 100, 100, 100, 100, 100, 100, 100, 100, 100, 100, 100, 100, 100, 100, 100, 100, 100, 100, 100, 100, 100, 100, 100, 100, 100, 100, 100, 100, 100], [100, 100, 100, 100, 100, 100, 100, 100, 100, 100, 100, 100, 100, 100, 100, 100, 100, 100, 100, 100, 100, 100, 100, 100, 100, 100, 100, 100, 100, 100, 100, 100], [100, 100, 100, 100, 100, 100, 100, 100, 100, 100, 100, 100, 100, 100, 100, 100, 100, 100, 100, 100, 100, 100, 100, 100, 100, 100, 100, 100, 100, 100, 100, 100], [100, 100, 100, 100, 100, 100, 100, 100, 100, 100, 100, 100, 100, 100, 100, 100, 100, 100, 100, 100, 100, 100, 100, 100, 100, 100, 100, 100, 100, 100, 100, 100], [100, 100, 100, 100, 100, 100, 100, 100, 100, 100, 100, 100, 100, 100, 100, 100, 100, 100, 100, 100, 100, 100, 100, 100, 100, 100, 100, 100, 100, 100, 100, 100], [100, 100, 100, 100, 100, 100, 100, 100, 100, 100, 100, 100, 100, 100, 100, 100, 100, 100, 100, 100, 100, 100, 30, 100, 100, 100, 100, 100, 100, 100, 100, 100], [100, 100, 100, 100, 55, 100, 100, 100, 100, 100, 100, 100, 100, 100, 100, 100, 100, 100, 100, 100, 100, 100, 17, 100, 100, 100, 100, 100, 100, 13, 100, 100]], "episode_length_min": [[100, 100, 100, 63, 100, 100, 100, 100, 54, 100, 100, 100, 100, 75, 100, 100, 100, 100, 100, 100, 100, 100, 95, 100, 100, 100, 100, 100, 100, 100, 100, 100], [100, 100, 100, 100, 100, 100, 100, 100, 100, 100, 100, 100, 100, 100, 100, 100, 100, 100, 13, 100, 100, 100, 100, 100, 100, 100, 100, 100, 100, 100, 100, 100], [100, 100, 100, 100, 100, 100, 100, 100, 100, 100, 100, 100, 100, 100, 100, 100, 13, 100, 13, 100, 100, 100, 13, 100, 13, 100, 100, 100, 100, 100, 100, 100], [98, 100, 100, 100, 13, 100, 100, 100, 100, 100, 13, 100, 100, 100, 100, 100, 13, 100, 13, 100, 13, 100, 13, 100, 13, 13, 100, 100, 100, 13, 17, 100], [100, 100, 100, 100, 13, 100, 100, 100, 100, 13, 13, 100, 100, 100, 100, 13, 13, 100, 13, 100, 13, 100, 13, 100, 13, 13, 100, 100, 100, 13, 100, 100], [100, 100, 100, 100, 13, 100, 100, 100, 100, 13, 13, 100, 100, 100, 100, 13, 13, 100, 13, 100, 13, 100, 13, 100, 13, 13, 100, 100, 100, 13, 100, 100], [100, 100, 100, 100, 13, 100, 100, 100, 100, 13, 13, 100, 100, 100, 100, 13, 13, 100, 13, 100, 13, 100, 13, 100, 13, 13, 100, 100, 100, 13, 100, 100], [100, 100, 100, 100, 13, 100, 100, 100, 100, 13, 13, 100, 100, 100, 100, 13, 13, 100, 13, 100, 13, 100, 13, 100, 13, 13, 100, 100, 100, 13, 100, 100], [100, 100, 100, 100, 13, 100, 100, 100, 100, 13, 13, 100, 100, 100, 100, 13, 13, 100, 13, 100, 13, 100, 13, 100, 13, 13, 100, 100, 100, 13, 100, 100]],