{"environment": "navix/Navix-DistShift2-v0", "algorithm": "dqn", "num_seeds": 32, "global_seed": 0, "config": {"env": "navix/Navix-DistShift2-v0", "agent_kwargs": {"activation": "swish"}, "num_envs": 128, "gradient_steps": 128, "buffer_size": 131072, "fill_buffer": 8192, "batch_size": 1024, "learning_rate": 0.0003, "max_grad_norm": 0.5, "total_timesteps": 1048576, "eval_freq": 131072, "gamma": 0.95, "eps_start": 1.0, "eps_end": 0.01, "exploration_fraction": 0.3, "target_update_freq": 8192, "ddqn": true, "normalize_observations": true}, "time/lower": 10.911155692000001, "time/compile": 18.203818224, "time/process_time": [0.05856947899999909, 86.374529902, 178.32306273700001, 270.26618257900003, 362.165837797, 454.108533545, 546.0848809940001, 638.056226426, 730.061622617], "step": [0, 131072, 262144, 393216, 524288, 655360, 786432, 917504, 1048576], "episode_length": [[100.0, 100.0, 100.0, 93.1500015258789, 100.0, 100.0, 100.0, 100.0, 100.0, 100.0, 100.0, 100.0, 100.0, 100.0, 100.0, 100.0, 100.0, 100.0, 100.0, 100.0, 100.0, 100.0, 100.0, 100.0, 100.0, 100.0, 100.0, 100.0, 100.0, 100.0, 100.0, 100.0], [6.300000190734863, 6.5, 6.349999904632568, 6.200000286102295, 6.349999904632568, 6.099999904632568, 6.200000286102295, 6.700000286102295, 6.150000095367432, 6.349999904632568, 6.150000095367432, 6.400000095367432, 6.200000286102295, 6.300000190734863, 6.5, 6.300000190734863, 6.200000286102295, 6.300000190734863, 6.200000286102295, 6.099999904632568, 6.099999904632568, 6.650000095367432, 6.5, 6.099999904632568, 6.400000095367432, 6.25, 6.25, 6.150000095367432, 6.300000190734863, 6.200000286102295, 6.200000286102295, 6.349999904632568], [6.300000190734863, 6.450000286102295, 6.349999904632568, 6.349999904632568, 6.300000190734863, 6.300000190734863, 6.550000190734863, 6.25, 6.450000286102295, 6.400000095367432, 6.450000286102295, 6.099999904632568, 6.25, 6.300000190734863, 6.599999904632568, 6.400000095367432, 6.400000095367432, 6.550000190734863, 6.599999904632568, 6.450000286102295, 6.400000095367432, 6.950000286102295, 6.550000190734863, 6.5, 6.700000286102295, 6.349999904632568, 6.200000286102295, 6.400000095367432, 6.099999904632568, 6.550000190734863, 6.349999904632568, 6.599999904632568], [6.550000190734863, 6.349999904632568, 6.400000095367432, 6.450000286102295, 6.300000190734863, 6.400000095367432, 6.300000190734863, 6.450000286102295, 6.200000286102295, 6.300000190734863, 6.099999904632568, 6.400000095367432, 6.349999904632568, 6.150000095367432, 6.050000190734863, 6.300000190734863, 6.200000286102295, 6.450000286102295, 6.400000095367432, 6.099999904632568, 6.300000190734863, 6.150000095367432, 6.5, 6.450000286102295, 6.050000190734863, 6.25, 6.400000095367432, 6.700000286102295, 6.349999904632568, 6.550000190734863, 6.200000286102295, 6.550000190734863], [6.450000286102295, 6.650000095367432, 6.150000095367432, 6.25, 6.300000190734863, 6.700000286102295, 6.200000286102295, 6.599999904632568, 6.650000095367432, 6.300000190734863, 6.5, 6.800000190734863, 6.300000190734863, 6.300000190734863, 6.800000190734863, 6.300000190734863, 6.25, 6.150000095367432, 6.300000190734863, 6.5, 6.25, 6.599999904632568, 6.550000190734863, 6.550000190734863, 6.450000286102295, 6.200000286102295, 6.099999904632568, 6.25, 6.5, 6.349999904632568, 6.5, 6.349999904632568], [6.150000095367432, 6.450000286102295, 6.349999904632568, 6.25, 6.550000190734863, 6.400000095367432, 6.099999904632568, 6.200000286102295, 6.550000190734863, 6.349999904632568, 6.400000095367432, 6.450000286102295, 6.349999904632568, 6.400000095367432, 6.349999904632568, 6.200000286102295, 6.450000286102295, 6.349999904632568, 6.5, 6.700000286102295, 6.450000286102295, 6.150000095367432, 6.25, 6.150000095367432, 6.550000190734863, 6.349999904632568, 6.550000190734863, 6.300000190734863, 6.400000095367432, 6.349999904632568, 6.349999904632568, 6.400000095367432], [6.25, 6.300000190734863, 6.349999904632568, 6.400000095367432, 6.200000286102295, 6.300000190734863, 6.300000190734863, 8.550000190734863, 6.5, 6.25, 6.400000095367432, 6.25, 6.349999904632568, 9.699999809265137, 8.050000190734863, 6.599999904632568, 6.25, 6.450000286102295, 6.200000286102295, 6.050000190734863, 6.25, 6.300000190734863, 6.25, 6.5, 6.5, 6.5, 6.450000286102295, 6.400000095367432, 6.550000190734863, 6.5, 6.900000095367432, 6.550000190734863], [6.150000095367432, 6.450000286102295, 6.349999904632568, 6.550000190734863, 6.150000095367432, 6.099999904632568, 6.349999904632568, 6.550000190734863, 6.599999904632568, 6.349999904632568, 6.25, 6.200000286102295, 6.150000095367432, 6.5, 6.099999904632568, 6.400000095367432, 6.5, 6.349999904632568, 6.200000286102295, 6.300000190734863, 6.300000190734863, 6.599999904632568, 6.349999904632568, 6.25, 6.349999904632568, 6.200000286102295, 6.400000095367432, 6.200000286102295, 6.349999904632568, 6.5, 6.349999904632568, 6.200000286102295], [6.099999904632568, 6.300000190734863, 6.349999904632568, 6.150000095367432, 6.450000286102295, 6.349999904632568, 6.450000286102295, 6.099999904632568, 6.5, 6.300000190734863, 6.450000286102295, 6.349999904632568, 6.349999904632568, 6.300000190734863, 9.050000190734863, 6.25, 8.050000190734863, 6.349999904632568, 6.5, 6.650000095367432, 6.450000286102295, 6.25, 6.300000190734863, 6.550000190734863, 6.450000286102295, 6.450000286102295, 6.5, 6.5, 6.25, 6.349999904632568, 13.0, 6.349999904632568]], "episode_length_max": [[100, 100, 100, 100, 100, 100, 100, 100, 100, 100, 100, 100, 100, 100, 100, 100, 100, 100, 100, 100, 100, 100, 100, 100, 100, 100, 100, 100, 100, 100, 100, 100], [8, 8, 9, 8, 9, 7, 8, 8, 8, 8, 7, 8, 7, 8, 8, 10, 8, 8, 7, 7, 8, 8, 9, 7, 8, 9, 8, 8, 9, 7, 7, 8], [8, 8, 8, 8, 8, 8, 9, 8, 8, 8, 9, 7, 8, 8, 9, 8, 10, 8, 9, 10, 9, 11, 10, 8, 13, 9, 8, 8, 7, 9, 9, 8], [9, 10, 8, 10, 9, 8, 8, 10, 9, 8, 8, 8, 8, 8, 7, 9, 8, 8, 8, 8, 8, 8, 9, 8, 7, 8, 8, 10, 8, 8, 8, 10], [9, 10, 8, 8, 9, 9, 8, 8, 11, 9, 10, 11, 8, 9, 10, 9, 8, 8, 8, 9, 8, 8, 9, 8, 9, 8, 8, 9, 8, 8, 11, 8], [8, 8, 8, 8, 14, 8, 7, 8, 10, 9, 8, 8, 8, 10, 9, 8, 9, 8, 10, 10, 8, 8, 8, 7, 10, 8, 9, 8, 8, 8, 9, 9], [8, 10, 8, 8, 8, 8, 8, 48, 9, 8, 8, 9, 9, 73, 40, 10, 8, 8, 8, 7, 8, 8, 7, 8, 10, 8, 8, 8, 9, 9, 10, 9], [7, 8, 8, 9, 8, 7, 10, 9, 10, 8, 8, 8, 7, 8, 8, 8, 8, 8, 7, 8, 8, 11, 8, 8, 9, 8, 8, 8, 8, 10, 8, 7], [7, 8, 8, 7, 11, 8, 9, 8, 9, 8, 9, 8, 9, 8, 59, 8, 44, 8, 8, 9, 8, 8, 8, 10, 8, 10, 9, 9, 8, 10, 100, 9]], "episode_length_min": [[100, 100, 100, 28, 100, 100, 100, 100, 100, 100, 100, 100, 100, 100, 100, 100, 100, 100, 100, 100, 100, 100, 100, 100, 100, 100, 100, 100, 100, 100, 100, 100], [6, 6, 6, 6, 6, 6, 6, 6, 6, 6, 6, 6, 6, 6, 6, 6, 6, 6, 6, 6, 6, 6, 6, 6, 6, 6, 6, 6, 6, 6, 6, 6], [6, 6, 6, 6, 6, 6, 6, 6, 6, 6, 6, 6, 6, 6, 6, 6, 6, 6, 6, 6, 6, 6, 6, 6, 6, 6, 6, 6, 6, 6, 6, 6], [6, 6, 6, 6, 6, 6, 6, 6, 6, 6, 6, 6, 6, 6, 6, 6, 6, 6, 6, 6, 6, 6, 6, 6, 6, 6, 6, 6, 6, 6, 6, 6], [6, 6, 6, 6, 6, 6, 6, 6, 6, 6, 6, 6, 6, 6, 6, 6, 6, 6, 6, 6, 6, 6, 6, 6, 6, 6, 6, 6, 6, 6, 6, 6], [6, 6, 6, 6, 6, 6, 6, 6, 6, 6, 6, 6, 6, 6, 6, 6, 6, 6, 6, 6, 6, 6, 6, 6, 6, 6, 6, 6, 6, 6, 6, 6], [6, 6, 6, 6, 6, 6, 6, 6, 6, 6, 6, 6, 6, 6, 6, 6, 6, 6, 6, 6, 6, 6, 6, 6, 6, 6, 6, 6, 6, 6, 6, 6], [6, 6, 6, 6, 6, 6, 6, 6, 6, 6, 6, 6, 6, 6, 6, 6, 6, 6, 6, 6, 6, 6, 6, 6, 6, 6, 6, 6, 6, 6, 6, 6], [6, 6, 6, 6, 6, 6, 6, 6, 6, 6, 6, 6, 6, 6, 6, 6, 6, 6, 6, 6, 6, 6, 6, 6, 6, 6, 6, 6, 6, 6, 6, 6]],