{"environment": "navix/Navix-FourRooms-v0", "algorithm": "sac", "num_seeds": 32, "global_seed": 0, "config": {"env": "navix/Navix-FourRooms-v0", "agent_kwargs": {"activation": "relu"}, "num_envs": 128, "buffer_size": 131072, "fill_buffer": 8192, "batch_size": 256, "learning_rate": 0.0003, "gradient_steps": 128, "total_timesteps": 1048576, "eval_freq": 131072, "gamma": 0.8, "tau": 0.9, "target_entropy_ratio": 0.5, "normalize_observations": false}, "time/lower": 15.395745321000001, "time/compile": 22.274317882, "time/process_time": [0.07332346199999762, 174.613589584, 359.11442656500003, 543.670912141, 728.188086654, 912.732381529, 1097.246397657, 1281.775580452, 1466.3203195629999], "step": [0, 131072, 262144, 393216, 524288, 655360, 786432, 917504, 1048576], "episode_length": [[100.0, 97.4000015258789, 100.0, 100.0, 100.0, 100.0, 100.0, 100.0, 100.0, 92.9000015258789, 100.0, 100.0, 100.0, 93.30000305175781, 100.0, 96.0999984741211, 100.0, 100.0, 100.0, 93.25, 100.0, 100.0, 98.5999984741211, 95.45000457763672, 99.20000457763672, 100.0, 99.1500015258789, 100.0, 100.0, 95.1500015258789, 100.0, 100.0], [100.0, 100.0, 100.0, 100.0, 100.0, 96.05000305175781, 100.0, 100.0, 100.0, 100.0, 100.0, 100.0, 100.0, 90.6500015258789, 100.0, 88.75, 100.0, 100.0, 100.0, 100.0, 99.95000457763672, 97.05000305175781, 100.0, 100.0, 100.0, 97.6500015258789, 100.0, 100.0, 100.0, 100.0, 100.0, 100.0], [92.5, 100.0, 100.0, 100.0, 100.0, 96.75, 100.0, 100.0, 92.0999984741211, 100.0, 100.0, 100.0, 100.0, 90.95000457763672, 100.0, 98.1500015258789, 100.0, 100.0, 100.0, 100.0, 97.80000305175781, 100.0, 100.0, 100.0, 100.0, 86.8499984741211, 100.0, 100.0, 100.0, 100.0, 100.0, 100.0], [94.70000457763672, 100.0, 100.0, 100.0, 100.0, 86.5, 100.0, 92.9000015258789, 92.80000305175781, 100.0, 100.0, 92.55000305175781, 100.0, 100.0, 100.0, 99.0, 100.0, 97.5999984741211, 100.0, 100.0, 82.3499984741211, 93.0999984741211, 100.0, 100.0, 100.0, 93.55000305175781, 100.0, 100.0, 100.0, 100.0, 100.0, 100.0], [94.9000015258789, 100.0, 100.0, 100.0, 100.0, 86.55000305175781, 100.0, 94.05000305175781, 87.25, 100.0, 100.0, 91.20000457763672, 100.0, 89.6500015258789, 100.0, 95.9000015258789, 100.0, 82.6500015258789, 100.0, 100.0, 93.8499984741211, 92.4000015258789, 100.0, 100.0, 100.0, 100.0, 100.0, 100.0, 100.0, 100.0, 91.55000305175781, 100.0], [93.1500015258789, 100.0, 100.0, 100.0, 100.0, 93.80000305175781, 100.0, 90.70000457763672, 86.25, 100.0, 100.0, 90.25, 100.0, 95.4000015258789, 100.0, 92.0999984741211, 100.0, 100.0, 100.0, 100.0, 89.45000457763672, 88.3499984741211, 100.0, 100.0, 100.0, 95.95000457763672, 100.0, 100.0, 100.0, 100.0, 98.4000015258789, 100.0], [90.55000305175781, 100.0, 100.0, 100.0, 100.0, 93.30000305175781, 100.0, 98.1500015258789, 90.45000457763672, 100.0, 100.0, 91.0, 100.0, 76.80000305175781, 100.0, 90.70000457763672, 100.0, 88.0999984741211, 100.0, 100.0, 81.4000015258789, 90.75, 100.0, 100.0, 100.0, 99.80000305175781, 100.0, 100.0, 100.0, 100.0, 94.0, 100.0], [99.9000015258789, 100.0, 100.0, 100.0, 100.0, 87.55000305175781, 100.0, 91.5, 94.20000457763672, 100.0, 100.0, 89.5, 100.0, 96.4000015258789, 100.0, 82.95000457763672, 100.0, 85.0, 100.0, 100.0, 95.3499984741211, 93.30000305175781, 100.0, 100.0, 100.0, 95.45000457763672, 100.0, 100.0, 100.0, 100.0, 86.9000015258789, 100.0], [97.75, 100.0, 100.0, 100.0, 100.0, 97.0999984741211, 100.0, 92.95000457763672, 100.0, 100.0, 100.0, 100.0, 100.0, 93.20000457763672, 100.0, 91.70000457763672, 100.0, 94.75, 100.0, 100.0, 90.55000305175781, 97.1500015258789, 100.0, 100.0, 100.0, 97.95000457763672, 100.0, 100.0, 100.0, 83.8499984741211, 100.0, 100.0]], "episode_length_max": [[100, 100, 100, 100, 100, 100, 100, 100, 100, 100, 100, 100, 100, 100, 100, 100, 100, 100, 100, 100, 100, 100, 100, 100, 100, 100, 100, 100, 100, 100, 100, 100], [100, 100, 100, 100, 100, 100, 100, 100, 100, 100, 100, 100, 100, 100, 100, 100, 100, 100, 100, 100, 100, 100, 100, 100, 100, 100, 100, 100, 100, 100, 100, 100], [100, 100, 100, 100, 100, 100, 100, 100, 100, 100, 100, 100, 100, 100, 100, 100, 100, 100, 100, 100, 100, 100, 100, 100, 100, 100, 100, 100, 100, 100, 100, 100], [100, 100, 100, 100, 100, 100, 100, 100, 100, 100, 100, 100, 100, 100, 100, 100, 100, 100, 100, 100, 100, 100, 100, 100, 100, 100, 100, 100, 100, 100, 100, 100], [100, 100, 100, 100, 100, 100, 100, 100, 100, 100, 100, 100, 100, 100, 100, 100, 100, 100, 100, 100, 100, 100, 100, 100, 100, 100, 100, 100, 100, 100, 100, 100], [100, 100, 100, 100, 100, 100, 100, 100, 100, 100, 100, 100, 100, 100, 100, 100, 100, 100, 100, 100, 100, 100, 100, 100, 100, 100, 100, 100, 100, 100, 100, 100], [100, 100, 100, 100, 100, 100, 100, 100, 100, 100, 100, 100, 100, 100, 100, 100, 100, 100, 100, 100, 100, 100, 100, 100, 100, 100, 100, 100, 100, 100, 100, 100], [100, 100, 100, 100, 100, 100, 100, 100, 100, 100, 100, 100, 100, 100, 100, 100, 100, 100, 100, 100, 100, 100, 100, 100, 100, 100, 100, 100, 100, 100, 100, 100], [100, 100, 100, 100, 100, 100, 100, 100, 100, 100, 100, 100, 100, 100, 100, 100, 100, 100, 100, 100, 100, 100, 100, 100, 100, 100, 100, 100, 100, 100, 100, 100]], "episode_length_min": [[100, 48, 100, 100, 100, 100, 100, 100, 100, 27, 100, 100, 100, 21, 100, 22, 100, 100, 100, 26, 100, 100, 72, 9, 84, 100, 83, 100, 100, 3, 100, 100], [100, 100, 100, 100, 100, 21, 100, 100, 100, 100, 100, 100, 100, 2, 100, 1, 100, 100, 100, 100, 99, 60, 100, 100, 100, 53, 100, 100, 100, 100, 100, 100], [9, 100, 100, 100, 100, 35, 100, 100, 16, 100, 100, 100, 100, 11, 100, 75, 100, 100, 100, 100, 56, 100, 100, 100, 100, 8, 100, 100, 100, 100, 100, 100], [42, 100, 100, 100, 100, 2, 100, 16, 3, 100, 100, 36, 100, 100, 100, 80, 100, 52, 100, 100, 3, 8, 100, 100, 100, 28, 100, 100, 100, 100, 100, 100], [19, 100, 100, 100, 100, 23, 100, 4, 1, 100, 100, 6, 100, 4, 100, 18, 100, 4, 100, 100, 19, 21, 100, 100, 100, 100, 100, 100, 100, 100, 3, 100], [30, 100, 100, 100, 100, 28, 100, 6, 3, 100, 100, 1, 100, 11, 100, 7, 100, 100, 100, 100, 19, 18, 100, 100, 100, 43, 100, 100, 100, 100, 68, 100], [19, 100, 100, 100, 100, 29, 100, 63, 36, 100, 100, 3, 100, 7, 100, 17, 100, 12, 100, 100, 4, 1, 100, 100, 100, 96, 100, 100, 100, 100, 7, 100], [98, 100, 100, 100, 100, 4, 100, 13, 19, 100, 100, 28, 100, 28, 100, 6, 100, 40, 100, 100, 46, 31, 100, 100, 100, 26, 100, 100, 100, 100, 1, 100], [55, 100, 100, 100, 100, 42, 100, 16, 100, 100, 100, 100, 100, 33, 100, 31, 100, 36, 100, 100, 2, 63, 100, 100, 100, 59, 100, 100, 100, 4, 100, 100]],