{"environment": "navix/Navix-DoorKey-8x8-v0", "algorithm": "ppo", "num_seeds": 32, "global_seed": 0, "config": {"env": "navix/Navix-DoorKey-8x8-v0", "agent_kwargs": {"activation": "tanh"}, "num_envs": 32, "num_steps": 128, "num_epochs": 8, "num_minibatches": 32, "learning_rate": 0.0003, "max_grad_norm": 10, "total_timesteps": 1048576, "eval_freq": 262144, "gamma": 0.95, "gae_lambda": 0.99, "clip_eps": 0.2, "ent_coef": 0.01, "vf_coef": 0.5, "normalize_observations": true}, "time/lower": 20.039256474, "time/compile": 22.539140028, "time/process_time": [0.07371922800000164, 7.563632226999999, 15.037129714999999, 22.468337590000004, 29.934758637], "step": [0, 262144, 524288, 786432, 1048576], "episode_length": [[100.0, 100.0, 100.0, 98.80000305175781, 100.0, 100.0, 99.8499984741211, 100.0, 100.0, 100.0, 100.0, 100.0, 100.0, 99.9000015258789, 100.0, 100.0, 100.0, 94.3499984741211, 100.0, 100.0, 100.0, 100.0, 100.0, 98.4000015258789, 100.0, 100.0, 100.0, 96.6500015258789, 100.0, 100.0, 98.20000457763672, 99.6500015258789], [11.550000190734863, 13.40000057220459, 17.05000114440918, 17.950000762939453, 13.199999809265137, 13.699999809265137, 16.0, 11.600000381469727, 12.199999809265137, 13.100000381469727, 13.949999809265137, 13.90000057220459, 11.850000381469727, 14.199999809265137, 15.0, 12.75, 12.0, 14.050000190734863, 16.950000762939453, 12.050000190734863, 17.149999618530273, 12.350000381469727, 11.850000381469727, 12.800000190734863, 11.800000190734863, 12.199999809265137, 14.850000381469727, 12.40000057220459, 11.550000190734863, 11.600000381469727, 12.050000190734863, 21.80000114440918], [12.100000381469727, 13.40000057220459, 16.05000114440918, 16.05000114440918, 11.65000057220459, 11.800000190734863, 16.200000762939453, 16.399999618530273, 11.449999809265137, 11.699999809265137, 12.350000381469727, 20.600000381469727, 11.90000057220459, 11.40000057220459, 11.5, 11.40000057220459, 11.350000381469727, 11.449999809265137, 11.449999809265137, 11.199999809265137, 15.850000381469727, 11.90000057220459, 11.350000381469727, 15.5, 11.15000057220459, 11.850000381469727, 11.949999809265137, 11.449999809265137, 11.449999809265137, 11.15000057220459, 11.199999809265137, 11.949999809265137], [11.40000057220459, 11.550000190734863, 11.699999809265137, 11.300000190734863, 11.15000057220459, 11.199999809265137, 11.15000057220459, 11.40000057220459, 11.300000190734863, 11.25, 12.100000381469727, 11.90000057220459, 11.75, 11.300000190734863, 12.100000381469727, 11.65000057220459, 11.40000057220459, 11.350000381469727, 12.0, 11.550000190734863, 11.699999809265137, 11.550000190734863, 11.449999809265137, 11.350000381469727, 11.699999809265137, 11.850000381469727, 11.550000190734863, 11.699999809265137, 11.15000057220459, 11.600000381469727, 11.199999809265137, 12.850000381469727], [11.600000381469727, 11.65000057220459, 11.550000190734863, 15.850000381469727, 11.40000057220459, 11.25, 11.800000190734863, 11.449999809265137, 11.25, 11.25, 15.90000057220459, 11.40000057220459, 11.350000381469727, 11.350000381469727, 11.15000057220459, 13.449999809265137, 11.350000381469727, 11.300000190734863, 11.550000190734863, 11.65000057220459, 11.300000190734863, 15.75, 11.25, 11.550000190734863, 11.300000190734863, 11.850000381469727, 11.350000381469727, 11.350000381469727, 11.300000190734863, 11.350000381469727, 11.300000190734863, 11.199999809265137]], "episode_length_max": [[100, 100, 100, 100, 100, 100, 100, 100, 100, 100, 100, 100, 100, 100, 100, 100, 100, 100, 100, 100, 100, 100, 100, 100, 100, 100, 100, 100, 100, 100, 100, 100], [17, 30, 74, 100, 35, 45, 100, 21, 23, 23, 57, 39, 18, 29, 47, 25, 20, 42, 61, 18, 100, 23, 19, 30, 15, 24, 72, 32, 16, 15, 19, 100], [26, 47, 100, 100, 16, 16, 100, 100, 17, 18, 20, 100, 19, 13, 15, 14, 13, 15, 16, 13, 100, 16, 13, 88, 13, 16, 15, 15, 14, 13, 13, 15], [14, 17, 13, 13, 14, 13, 12, 14, 15, 13, 16, 16, 17, 15, 17, 16, 14, 13, 14, 14, 16, 16, 14, 14, 15, 15, 13, 15, 13, 13, 12, 29], [15, 15, 13, 100, 13, 13, 16, 13, 13, 13, 50, 16, 14, 13, 13, 51, 14, 13, 18, 13, 13, 100, 14, 13, 14, 19, 13, 14, 13, 14, 14, 13]], "episode_length_min": [[100, 100, 100, 81, 100, 100, 97, 100, 100, 100, 100, 100, 100, 98, 100, 100, 100, 44, 100, 100, 100, 100, 100, 68, 100, 100, 100, 62, 100, 100, 64, 93], [11, 11, 11, 11, 11, 11, 11, 11, 11, 11, 11, 11, 11, 11, 11, 11, 11, 11, 11, 11, 11, 11, 11, 11, 11, 11, 11, 11, 11, 11, 11, 11], [11, 11, 11, 11, 11, 11, 11, 11, 11, 11, 11, 11, 11, 11, 11, 11, 11, 11, 11, 11, 11, 11, 11, 11, 11, 11, 11, 11, 11, 11, 11, 11], [11, 11, 11, 11, 11, 11, 11, 11, 11, 11, 11, 11, 11, 11, 11, 11, 11, 11, 11, 11, 11, 11, 11, 11, 11, 11, 11, 11, 11, 11, 11, 11], [11, 11, 11, 11, 11, 11, 11, 11, 11, 11, 11, 11, 11, 11, 11, 11, 11, 11, 11, 11, 11, 11, 11, 11, 11, 11, 11, 11, 11, 11, 11, 11]], "episode_length_std": [[0.0, 0.0, 0.0, 4.226109981536865, 0.0, 0.0, 0.6538347601890564, 0.0, 0.0, 0.0, 0.0, 0.0, 0.0, 0.43588992953300476, 0.0, 0.0, 0.0, 14.426626205444336, 0.0, 0.0, 0.0, 0.0, 0.0, 6.974238395690918, 0.0, 0.0, 0.0, 9.6450777053833, 0.0, 0.0, 7.846017837524414, 1.525614619255066], [1.5321553945541382, 4.758150577545166, 14.472301483154297, 19.774925231933594, 5.381449222564697, 7.8236823081970215, 19.308029174804688, 2.200000047683716, 2.925748109817505, 3.548239231109619, 9.952260971069336, 8.215229988098145, 1.8241435289382935, 5.268775939941406, 9.284395217895508, 3.299621105194092, 2.236067771911621, 6.974775791168213, 11.796080589294434, 1.8296175003051758, 19.507110595703125, 3.350745677947998, 1.9045997858047485, 4.308131694793701, 1.4352699518203735, 2.9597296714782715, 13.218453407287598, 4.597825050354004, 1.3955285549163818, 1.2409673929214478, 2.1324868202209473, 25.146766662597656], [3.330165386199951, 7.799999713897705, 19.311847686767578, 19.311847686767578, 1.3143439292907715, 1.5684386491775513, 19.30958366394043, 19.20781135559082, 1.3592275381088257, 1.6155492067337036, 2.5743930339813232, 26.511131286621094, 1.8947296142578125, 0.6633250117301941, 1.1180338859558105, 0.8000001311302185, 0.653834879398346, 1.071214199066162, 1.2031208276748657, 0.5099020004272461, 19.321683883666992, 1.6703293323516846, 0.7262920141220093, 16.67483139038086, 0.4769695997238159, 1.2757350206375122, 1.4309089183807373, 1.1169153451919556, 0.8046738505363464, 0.4769695997238159, 0.5099019408226013, 1.5321553945541382], [0.9695358872413635, 1.3592278957366943, 0.9000000357627869, 0.7141428589820862, 0.6538347005844116, 0.6000000238418579, 0.35707148909568787, 0.8602326512336731, 0.9000000357627869, 0.6224949955940247, 1.7860569953918457, 1.4106736183166504, 1.444818377494812, 0.9000000357627869, 1.6703290939331055, 1.314343810081482, 0.8000001311302185, 0.7262920141220093, 1.0, 0.9205975532531738, 1.3076695203781128, 1.2439854145050049, 0.8046736717224121, 0.8529361486434937, 1.187434196472168, 1.2359206676483154, 0.8645807504653931, 1.268857717514038, 0.4769695997238159, 0.800000011920929, 0.4000000059604645, 4.150602340698242], [1.2409673929214478, 1.2359206676483154, 0.8645806908607483, 19.321683883666992, 0.8000000715255737, 0.6224949955940247, 1.2489995956420898, 0.8046736717224121, 0.6224949955940247, 0.5361902713775635, 9.934284210205078, 1.1135528087615967, 0.8529361486434937, 0.5722761750221252, 0.47696954011917114, 8.691804885864258, 0.7262920141220093, 0.5567764639854431, 1.6271144151687622, 0.8529360294342041, 0.7141428589820862, 19.341341018676758, 0.6982120275497437, 0.7399322986602783, 0.7810249924659729, 1.9817922115325928, 0.6538348197937012, 0.792149007320404, 0.6403124928474426, 0.726292073726654, 0.7810249924659729, 0.6000000238418579]],