{"environment": "navix/Navix-LavaGap-S6-v0", "algorithm": "sac", "num_seeds": 32, "global_seed": 0, "config": {"env": "navix/Navix-LavaGap-S6-v0", "agent_kwargs": {"activation": "swish"}, "num_envs": 128, "buffer_size": 131072, "fill_buffer": 8192, "batch_size": 256, "learning_rate": 0.0003, "gradient_steps": 128, "total_timesteps": 1048576, "eval_freq": 131072, "gamma": 0.8, "tau": 0.9, "target_entropy_ratio": 0.6, "normalize_observations": true}, "time/lower": 13.094935327000002, "time/compile": 19.367404352, "time/process_time": [0.057292068000002416, 70.704768834, 145.88959064, 221.057743033, 296.15579004700004, 371.285230849, 446.436719928, 521.5946133, 596.7457901859999], "step": [0, 131072, 262144, 393216, 524288, 655360, 786432, 917504, 1048576], "episode_length": [[100.0, 100.0, 100.0, 100.0, 100.0, 100.0, 100.0, 100.0, 100.0, 100.0, 100.0, 100.0, 100.0, 100.0, 100.0, 100.0, 100.0, 100.0, 100.0, 100.0, 100.0, 100.0, 100.0, 100.0, 100.0, 100.0, 100.0, 100.0, 100.0, 100.0, 100.0, 100.0], [10.800000190734863, 9.699999809265137, 13.75, 13.15000057220459, 10.90000057220459, 11.65000057220459, 9.550000190734863, 10.5, 10.300000190734863, 11.65000057220459, 12.100000381469727, 12.15000057220459, 10.949999809265137, 9.5, 13.850000381469727, 10.050000190734863, 10.5, 10.15000057220459, 12.75, 12.0, 10.15000057220459, 11.699999809265137, 11.050000190734863, 11.449999809265137, 10.100000381469727, 10.100000381469727, 9.15000057220459, 11.25, 11.90000057220459, 10.300000190734863, 12.300000190734863, 9.449999809265137], [11.75, 9.350000381469727, 11.949999809265137, 9.449999809265137, 10.050000190734863, 11.90000057220459, 12.25, 11.300000190734863, 11.65000057220459, 11.199999809265137, 9.65000057220459, 9.449999809265137, 11.90000057220459, 11.90000057220459, 9.75, 10.65000057220459, 12.25, 12.600000381469727, 10.550000190734863, 13.75, 9.550000190734863, 10.100000381469727, 13.65000057220459, 10.75, 10.300000190734863, 12.600000381469727, 10.65000057220459, 13.949999809265137, 10.350000381469727, 10.65000057220459, 12.75, 10.949999809265137], [11.100000381469727, 10.40000057220459, 10.25, 11.65000057220459, 10.100000381469727, 10.550000190734863, 9.5, 12.0, 11.75, 12.75, 11.600000381469727, 12.75, 12.600000381469727, 10.350000381469727, 11.40000057220459, 10.449999809265137, 14.0, 10.350000381469727, 9.90000057220459, 10.800000190734863, 9.600000381469727, 11.100000381469727, 11.25, 10.0, 13.100000381469727, 12.949999809265137, 11.40000057220459, 10.449999809265137, 11.199999809265137, 11.949999809265137, 11.199999809265137, 12.350000381469727], [12.449999809265137, 11.050000190734863, 11.050000190734863, 11.949999809265137, 11.65000057220459, 11.350000381469727, 11.300000190734863, 11.800000190734863, 12.100000381469727, 11.0, 11.25, 12.75, 12.949999809265137, 9.949999809265137, 11.600000381469727, 12.75, 10.90000057220459, 12.100000381469727, 11.199999809265137, 12.050000190734863, 10.40000057220459, 12.90000057220459, 10.350000381469727, 11.199999809265137, 10.699999809265137, 10.699999809265137, 11.100000381469727, 13.15000057220459, 11.800000190734863, 11.800000190734863, 13.100000381469727, 10.850000381469727], [9.800000190734863, 10.550000190734863, 11.75, 12.350000381469727, 10.449999809265137, 10.949999809265137, 11.350000381469727, 14.15000057220459, 13.550000190734863, 12.350000381469727, 10.199999809265137, 11.199999809265137, 11.050000190734863, 9.90000057220459, 10.75, 10.800000190734863, 10.800000190734863, 12.850000381469727, 11.949999809265137, 13.25, 9.100000381469727, 10.800000190734863, 11.90000057220459, 12.300000190734863, 10.40000057220459, 12.0, 11.65000057220459, 10.699999809265137, 10.5, 11.25, 11.050000190734863, 12.300000190734863], [11.550000190734863, 11.350000381469727, 11.300000190734863, 10.65000057220459, 13.550000190734863, 12.100000381469727, 10.050000190734863, 10.65000057220459, 12.600000381469727, 10.350000381469727, 10.300000190734863, 12.100000381469727, 10.600000381469727, 13.449999809265137, 10.350000381469727, 10.800000190734863, 11.15000057220459, 13.350000381469727, 11.90000057220459, 10.800000190734863, 12.550000190734863, 10.0, 11.300000190734863, 11.300000190734863, 11.100000381469727, 10.15000057220459, 11.75, 10.850000381469727, 10.90000057220459, 10.90000057220459, 11.949999809265137, 11.449999809265137], [11.300000190734863, 10.15000057220459, 11.65000057220459, 10.449999809265137, 12.25, 12.0, 10.40000057220459, 11.550000190734863, 9.25, 10.0, 12.199999809265137, 10.550000190734863, 13.65000057220459, 11.0, 9.90000057220459, 12.050000190734863, 11.199999809265137, 10.350000381469727, 15.0, 12.949999809265137, 10.65000057220459, 11.90000057220459, 11.300000190734863, 11.600000381469727, 10.600000381469727, 9.800000190734863, 12.75, 11.90000057220459, 12.550000190734863, 11.15000057220459, 11.550000190734863, 10.90000057220459], [11.90000057220459, 11.350000381469727, 11.25, 11.350000381469727, 12.100000381469727, 10.0, 11.25, 10.949999809265137, 10.15000057220459, 10.75, 10.949999809265137, 11.449999809265137, 12.850000381469727, 10.949999809265137, 11.100000381469727, 10.25, 11.949999809265137, 11.75, 12.90000057220459, 12.5, 9.800000190734863, 11.350000381469727, 11.25, 12.449999809265137, 11.25, 11.199999809265137, 10.449999809265137, 12.199999809265137, 14.0, 12.0, 9.850000381469727, 10.449999809265137]], "episode_length_max": [[100, 100, 100, 100, 100, 100, 100, 100, 100, 100, 100, 100, 100, 100, 100, 100, 100, 100, 100, 100, 100, 100, 100, 100, 100, 100, 100, 100, 100, 100, 100, 100], [23, 15, 31, 37, 23, 31, 15, 15, 17, 29, 22, 51, 28, 16, 35, 16, 16, 16, 43, 28, 18, 19, 26, 26, 22, 17, 14, 22, 34, 26, 28, 13], [29, 18, 22, 15, 16, 21, 31, 23, 24, 25, 17, 17, 25, 24, 16, 18, 34, 25, 16, 33, 17, 21, 32, 27, 15, 32, 17, 41, 17, 29, 30, 16], [24, 16, 22, 28, 14, 25, 16, 25, 30, 26, 22, 29, 27, 30, 21, 18, 37, 17, 19, 18, 20, 21, 27, 18, 27, 25, 24, 21, 20, 35, 17, 27], [45, 23, 25, 19, 19, 16, 27, 24, 21, 22, 21, 25, 33, 15, 23, 33, 19, 31, 31, 40, 17, 31, 15, 21, 24, 26, 28, 23, 24, 39, 31, 17], [16, 16, 24, 27, 20, 21, 33, 26, 29, 30, 15, 16, 28, 22, 24, 18, 19, 28, 23, 23, 12, 19, 23, 28, 19, 33, 19, 27, 23, 23, 18, 28], [22, 18, 25, 22, 30, 24, 20, 21, 27, 17, 26, 25, 32, 33, 22, 20, 25, 25, 27, 30, 33, 20, 24, 41, 20, 19, 20, 20, 20, 20, 25, 22], [24, 22, 26, 22, 25, 32, 20, 25, 19, 17, 23, 20, 36, 22, 15, 21, 24, 16, 31, 30, 27, 23, 18, 27, 18, 21, 24, 26, 35, 19, 27, 20], [43, 31, 24, 28, 27, 30, 23, 21, 15, 24, 23, 37, 26, 17, 18, 19, 22, 24, 28, 32, 18, 28, 25, 37, 27, 19, 19, 25, 25, 29, 17, 20]], "episode_length_min": [[100, 100, 100, 100, 100, 100, 100, 100, 100, 100, 100, 100, 100, 100, 100, 100, 100, 100, 100, 100, 100, 100, 100, 100, 100, 100, 100, 100, 100, 100, 100, 100], [7, 7, 8, 7, 8, 7, 7, 7, 7, 7, 7, 7, 7, 7, 7, 7, 7, 7, 7, 7, 7, 7, 8, 7, 7, 7, 7, 7, 7, 7, 7, 7], [7, 7, 7, 7, 7, 7, 7, 7, 7, 7, 7, 7, 8, 7, 7, 7, 7, 8, 8, 7, 7, 7, 9, 7, 7, 8, 7, 7, 7, 7, 7, 7], [7, 7, 7, 7, 7, 7, 7, 7, 7, 7, 7, 7, 7, 7, 7, 8, 7, 7, 7, 7, 7, 8, 7, 7, 7, 7, 8, 7, 7, 7, 7, 7], [7, 7, 7, 7, 7, 7, 7, 7, 7, 8, 7, 8, 8, 7, 7, 7, 7, 7, 7, 7, 7, 7, 7, 8, 7, 7, 7, 7, 7, 7, 8, 7], [7, 7, 8, 7, 7, 7, 7, 7, 7, 7, 7, 8, 7, 7, 7, 7, 7, 7, 8, 7, 7, 7, 7, 7, 7, 7, 7, 7, 7, 7, 8, 7], [7, 7, 7, 7, 7, 7, 7, 7, 7, 7, 7, 7, 8, 7, 7, 7, 7, 7, 7, 7, 7, 7, 7, 7, 7, 7, 7, 7, 7, 7, 7, 7], [8, 7, 7, 7, 7, 7, 8, 7, 7, 7, 8, 7, 7, 7, 7, 7, 7, 7, 8, 7, 7, 7, 7, 7, 7, 7, 7, 7, 7, 7, 7, 7], [7, 7, 7, 8, 7, 7, 7, 7, 7, 7, 7, 7, 7, 7, 7, 7, 7, 7, 7, 8, 7, 7, 7, 7, 7, 7, 7, 7, 7, 7, 7, 7]],