{
  "Navix-Empty-5x5-v0": {
    "minigrid": [
      0.8437679717317224,
      0.7724624332040548,
      0.8442853428423405,
      0.8166974550113082,
      0.8124528359621763
    ],
    "navix_jit_loop": [
      0.011208492331206799,
      0.006143350154161453,
      0.0060934871435165405,
      0.006026707589626312,
      0.006019077263772488
    ]
  },
  "Navix-Empty-6x6-v0": {
    "minigrid": [
      0.9048700649291277,
      0.8679227586835623,
      0.8613137705251575,
      0.8406546590849757,
      0.754764586687088
    ],
    "navix_jit_loop": [
      0.011106460355222225,
      0.006197990849614143,
      0.006052919663488865,
      0.005975835956633091,
      0.0059919944033026695
    ]
  },
  "Navix-Empty-8x8-v0": {
    "minigrid": [
      0.9071806138381362,
      0.9888068567961454,
      0.9404755691066384,
      0.888630555011332,
      0.8089796826243401
    ],
    "navix_jit_loop": [
      0.011133618652820587,
      0.006110369227826595,
      0.005977883003652096,
      0.0059729041531682014,
      0.0059589724987745285
    ]
  },
  "Navix-Empty-16x16-v0": {
    "minigrid": [
      0.8309938004240394,
      0.8219539243727922,
      0.9448083713650703,
      0.8402944123372436,
      0.8582203052937984
    ],
    "navix_jit_loop": [
      0.011371401138603687,
      0.006185898557305336,
      0.006082690320909023,
      0.0060278140008449554,
      0.006055908277630806
    ]
  },
  "Navix-Empty-Random-5x5-v0": {
    "minigrid": [
      0.9919661106541753,
      0.9544189823791385,
      0.8897121446207166,
      0.8816271992400289,
      0.9687227960675955
    ],
    "navix_jit_loop": [
      0.025906404480338097,
      0.016532545909285545,
      0.016627551056444645,
      0.016560450196266174,
      0.01667579635977745
    ]
  },
  "Navix-Empty-Random-6x6-v0": {
    "minigrid": [
      0.9924137284979224,
      0.9772354615852237,
      0.9914661021903157,
      0.9090894516557455,
      0.999877561815083
    ],
    "navix_jit_loop": [
      0.024144848808646202,
      0.01670796424150467,
      0.01668871659785509,
      0.016788404434919357,
      0.01685483194887638
    ]
  },
  "Navix-DoorKey-5x5-v0": {
    "minigrid": [
      0.9978228146210313,
      0.9737911708652973,
      0.9278498841449618,
      0.9119646204635501,
      0.8957598861306906
    ],
    "navix_jit_loop": [
      0.04819738492369652,
      0.03046194277703762,
      0.03059733472764492,
      0.03072140272706747,
      0.030683733522892
    ]
  },
  "Navix-DoorKey-6x6-v0": {
    "minigrid": [
      0.9470753073692322,
      1.0656545460224152,
      1.117629666812718,
      1.044293014332652,
      0.9954307219013572
    ],
    "navix_jit_loop": [
      0.05356587748974562,
      0.03626640886068344,
      0.03626867197453976,
      0.03634681738913059,
      0.03630166593939066
    ]
  },
  "Navix-DoorKey-8x8-v0": {
    "minigrid": [
      1.0215946147218347,
      1.1477688010782003,
      1.0556937530636787,
      0.9937489908188581,
      1.0109973503276706
    ],
    "navix_jit_loop": [
      0.05342311505228281,
      0.0359412282705307,
      0.035998959094285965,
      0.03609306924045086,
      0.03608070686459541
    ]
  },
  "Navix-DoorKey-16x16-v0": {
    "minigrid": [
      0.9855948453769088,
      1.3799046399071813,
      1.2313343612477183,
      1.2219432517886162,
      1.2935850629583001
    ],
    "navix_jit_loop": [
      0.06336297746747732,
      0.04136495850980282,
      0.04142508376389742,
      0.041387406177818775,
      0.04126063548028469
    ]
  },
  "Navix-FourRooms-v0": {
    "minigrid": [
      1.2026022663339972,
      1.3000119207426906,
      1.361273543909192,
      1.223247037269175,
      1.261316959746182
    ],
    "navix_jit_loop": [
      0.07000609301030636,
      0.053116362541913986,
      0.05303431022912264,
      0.05291611235588789,
      0.053024872206151485
    ]
  },
  "Navix-KeyCorridorS3R1-v0": {
    "minigrid": [
      1.2418043594807386,
      1.152362897992134,
      1.2183262715116143,
      1.1112939454615116,
      1.096449039876461
    ],
    "navix_jit_loop": [
      0.059748935513198376,
      0.029732645489275455,
      0.029795330949127674,
      0.029818881303071976,
      0.029703971929848194
    ]
  },
  "Navix-KeyCorridorS3R2-v0": {
    "minigrid": [
      1.2366968523710966,
      1.2238102238625288,
      1.329167696647346,
      1.3572392547503114,
      1.265914379619062
    ],
    "navix_jit_loop": [
      0.10928851179778576,
      0.042809272184967995,
      0.04236255120486021,
      0.04229356441646814,
      0.042252229526638985
    ]
  },
  "Navix-KeyCorridorS3R3-v0": {
    "minigrid": [
      1.4644327322021127,
      1.4094268446788192,
      1.6298139533028007,
      1.4658771250396967,
      1.45281882584095
    ],
    "navix_jit_loop": [
      0.15523210912942886,
      0.05579715967178345,
      0.0551369609311223,
      0.05511190649122,
      0.055126966908574104
    ]
  },
  "Navix-KeyCorridorS4R3-v0": {
    "minigrid": [
      1.8417541421949863,
      1.7562354635447264,
      1.8437045458704233,
      1.7950615007430315,
      1.7872390281409025
    ],
    "navix_jit_loop": [
      0.23195132333785295,
      0.07378234434872866,
      0.07382681034505367,
      0.07377835549414158,
      0.07380680460482836
    ]
  },
  "Navix-KeyCorridorS5R3-v0": {
    "minigrid": [
      0.8583786906674504,
      0.8068162873387337,
      0.8397585041821003,
      0.7730353809893131,
      0.8157470729202032
    ],
    "navix_jit_loop": [
      0.20046359207481146,
      0.08497447147965431,
      0.08488879911601543,
      0.08483666460961103,
      0.08479355182498693
    ]
  },
  "Navix-KeyCorridorS6R3-v0": {
    "minigrid": [
      1.787580382078886,
      1.7301478516310453,
      1.7353228311985731,
      1.7156426319852471,
      1.7645826255902648
    ],
    "navix_jit_loop": [
      0.2333520958200097,
      0.08473177533596754,
      0.08405144698917866,
      0.08404244482517242,
      0.08404453098773956
    ]
  },
  "Navix-LavaGapS5-v0": {
    "minigrid": [
      0.8299610447138548,
      0.8159413086250424,
      0.756623855791986,
      0.8165700444951653,
      0.9187850765883923
    ],
    "navix_jit_loop": [
      0.02507645543664694,
      0.01667168829590082,
      0.016819830052554607,
      0.016839120537042618,
      0.016808041371405125
    ]
  },
  "Navix-LavaGapS6-v0": {
    "minigrid": [
      0.8735578311607242,
      0.9509678240865469,
      0.8931100042536855,
      0.8432368254289031,
      0.8579844562336802
    ],
    "navix_jit_loop": [
      0.02528130356222391,
      0.01747553050518036,
      0.017613014206290245,
      0.01757583487778902,
      0.01763100828975439
    ]
  },
  "Navix-LavaGapS7-v0": {
    "minigrid": [
      0.9620220698416233,
      0.9554906701669097,
      0.9564668675884604,
      0.9567205924540758,
      0.9951528264209628
    ],
    "navix_jit_loop": [
      0.02731945924460888,
      0.01962635200470686,
      0.019479679875075817,
      0.019645902328193188,
      0.019504372961819172
    ]
  },
  "Navix-SimpleCrossingS9N1-v0": {
    "minigrid": [
      0.8486574999988079,
      0.8175930939614773,
      0.7746806079521775,
      0.8569011213257909,
      0.7995651522651315
    ],
    "navix_jit_loop": [
      0.17724795080721378,
      0.11533663887530565,
      0.11541126109659672,
      0.11551073472946882,
      0.11582540348172188
    ]
  },
  "Navix-SimpleCrossingS9N2-v0": {
    "minigrid": [
      1.2078647762537003,
      1.1433815620839596,
      1.1896472964435816,
      1.1777639528736472,
      1.1698533883318305
    ],
    "navix_jit_loop": [
      0.16824142541736364,
      0.11522659379988909,
      0.11513781361281872,
      0.1152308052405715,
      0.11523772682994604
    ]
  },
  "Navix-SimpleCrossingS9N3-v0": {
    "minigrid": [
      1.280948863364756,
      1.1589199090376496,
      1.152829590253532,
      1.1894741086289287,
      1.1951639335602522
    ],